filename,target
/normal/CXR_train_2342.png,0
/normal/CXR_train_2191.png,0
/normal/CXR_train_1312.png,0
/normal/CXR_train_1577.png,0
/normal/CXR_train_1802.png,0
/normal/CXR_train_1330.png,0
/normal/CXR_train_1922.png,0
/normal/CXR_train_1635.png,0
/normal/CXR_train_1769.png,0
/normal/CXR_train_1690.png,0
/normal/CXR_train_290.png,0
/normal/CXR_train_730.png,0
/normal/CXR_train_1719.png,0
/normal/CXR_train_1266.png,0
/normal/CXR_train_1603.png,0
/normal/CXR_train_2018.png,0
/normal/CXR_train_2109.png,0
/normal/CXR_train_2003.png,0
/normal/CXR_train_1129.png,0
/normal/CXR_train_846.png,0
/normal/CXR_train_1178.png,0
/normal/CXR_train_391.png,0
/normal/CXR_train_1117.png,0
/normal/CXR_train_829.png,0
/normal/CXR_train_998.png,0
/normal/CXR_train_442.png,0
/normal/CXR_train_2114.png,0
/normal/CXR_train_1930.png,0
/normal/CXR_train_1415.png,0
/normal/CXR_train_1011.png,0
/normal/CXR_train_2397.png,0
/normal/CXR_train_95.png,0
/normal/CXR_train_1532.png,0
/normal/CXR_train_569.png,0
/normal/CXR_train_244.png,0
/normal/CXR_train_1327.png,0
/normal/CXR_train_580.png,0
/normal/CXR_train_727.png,0
/normal/CXR_train_1171.png,0
/normal/CXR_train_1600.png,0
/normal/CXR_train_298.png,0
/normal/CXR_train_1039.png,0
/normal/CXR_train_1148.png,0
/normal/CXR_train_2379.png,0
/normal/CXR_train_2283.png,0
/normal/CXR_train_1713.png,0
/normal/CXR_train_778.png,0
/normal/CXR_train_950.png,0
/normal/CXR_train_1914.png,0
/normal/CXR_train_1440.png,0
/normal/CXR_train_1059.png,0
/normal/CXR_train_656.png,0
/normal/CXR_train_8.png,0
/normal/CXR_train_1226.png,0
/normal/CXR_train_387.png,0
/normal/CXR_train_665.png,0
/normal/CXR_train_774.png,0
/normal/CXR_train_110.png,0
/normal/CXR_train_1737.png,0
/normal/CXR_train_329.png,0
/normal/CXR_train_2163.png,0
/normal/CXR_train_1167.png,0
/normal/CXR_train_1571.png,0
/normal/CXR_train_56.png,0
/normal/CXR_train_266.png,0
/normal/CXR_train_771.png,0
/normal/CXR_train_1159.png,0
/normal/CXR_train_1764.png,0
/normal/CXR_train_1015.png,0
/normal/CXR_train_2362.png,0
/normal/CXR_train_93.png,0
/normal/CXR_train_590.png,0
/normal/CXR_train_1108.png,0
/normal/CXR_train_596.png,0
/normal/CXR_train_914.png,0
/normal/CXR_train_1680.png,0
/normal/CXR_train_1518.png,0
/normal/CXR_train_351.png,0
/normal/CXR_train_2167.png,0
/normal/CXR_train_267.png,0
/normal/CXR_train_1181.png,0
/normal/CXR_train_1898.png,0
/normal/CXR_train_1851.png,0
/normal/CXR_train_152.png,0
/normal/CXR_train_176.png,0
/normal/CXR_train_850.png,0
/normal/CXR_train_1626.png,0
/normal/CXR_train_583.png,0
/normal/CXR_train_426.png,0
/normal/CXR_train_1814.png,0
/normal/CXR_train_2036.png,0
/normal/CXR_train_1609.png,0
/normal/CXR_train_2267.png,0
/normal/CXR_train_1665.png,0
/normal/CXR_train_1019.png,0
/normal/CXR_train_690.png,0
/normal/CXR_train_687.png,0
/normal/CXR_train_2247.png,0
/normal/CXR_train_181.png,0
/normal/CXR_train_2294.png,0
/normal/CXR_train_668.png,0
/normal/CXR_train_209.png,0
/normal/CXR_train_2406.png,0
/normal/CXR_train_168.png,0
/normal/CXR_train_113.png,0
/normal/CXR_train_1434.png,0
/normal/CXR_train_1224.png,0
/normal/CXR_train_1618.png,0
/normal/CXR_train_900.png,0
/normal/CXR_train_731.png,0
/normal/CXR_train_669.png,0
/normal/CXR_train_385.png,0
/normal/CXR_train_2143.png,0
/normal/CXR_train_67.png,0
/normal/CXR_train_1077.png,0
/normal/CXR_train_565.png,0
/normal/CXR_train_1279.png,0
/normal/CXR_train_204.png,0
/normal/CXR_train_1772.png,0
/normal/CXR_train_549.png,0
/normal/CXR_train_468.png,0
/normal/CXR_train_1883.png,0
/normal/CXR_train_1474.png,0
/normal/CXR_train_619.png,0
/normal/CXR_train_460.png,0
/normal/CXR_train_1487.png,0
/normal/CXR_train_842.png,0
/normal/CXR_train_919.png,0
/normal/CXR_train_2274.png,0
/normal/CXR_train_1653.png,0
/normal/CXR_train_593.png,0
/normal/CXR_train_889.png,0
/normal/CXR_train_2388.png,0
/normal/CXR_train_1838.png,0
/normal/CXR_train_1964.png,0
/normal/CXR_train_735.png,0
/normal/CXR_train_1576.png,0
/normal/CXR_train_700.png,0
/normal/CXR_train_533.png,0
/normal/CXR_train_808.png,0
/normal/CXR_train_417.png,0
/normal/CXR_train_2266.png,0
/normal/CXR_train_77.png,0
/normal/CXR_train_1905.png,0
/normal/CXR_train_283.png,0
/normal/CXR_train_1470.png,0
/normal/CXR_train_307.png,0
/normal/CXR_train_3.png,0
/normal/CXR_train_162.png,0
/normal/CXR_train_1190.png,0
/normal/CXR_train_2069.png,0
/normal/CXR_train_2295.png,0
/normal/CXR_train_2236.png,0
/normal/CXR_train_1530.png,0
/normal/CXR_train_2368.png,0
/normal/CXR_train_423.png,0
/normal/CXR_train_40.png,0
/normal/CXR_train_757.png,0
/normal/CXR_train_662.png,0
/normal/CXR_train_719.png,0
/normal/CXR_train_1069.png,0
/normal/CXR_train_960.png,0
/normal/CXR_train_14.png,0
/normal/CXR_train_1186.png,0
/normal/CXR_train_263.png,0
/normal/CXR_train_893.png,0
/normal/CXR_train_1346.png,0
/normal/CXR_train_1722.png,0
/normal/CXR_train_1545.png,0
/normal/CXR_train_483.png,0
/normal/CXR_train_1457.png,0
/normal/CXR_train_1554.png,0
/normal/CXR_train_1612.png,0
/normal/CXR_train_2105.png,0
/normal/CXR_train_1367.png,0
/normal/CXR_train_1593.png,0
/normal/CXR_train_2320.png,0
/normal/CXR_train_1236.png,0
/normal/CXR_train_1924.png,0
/normal/CXR_train_1476.png,0
/normal/CXR_train_994.png,0
/normal/CXR_train_346.png,0
/normal/CXR_train_721.png,0
/normal/CXR_train_1021.png,0
/normal/CXR_train_1214.png,0
/normal/CXR_train_921.png,0
/normal/CXR_train_51.png,0
/normal/CXR_train_1918.png,0
/normal/CXR_train_52.png,0
/normal/CXR_train_2340.png,0
/normal/CXR_train_853.png,0
/normal/CXR_train_986.png,0
/normal/CXR_train_1812.png,0
/normal/CXR_train_358.png,0
/normal/CXR_train_932.png,0
/normal/CXR_train_1050.png,0
/normal/CXR_train_1775.png,0
/normal/CXR_train_1114.png,0
/normal/CXR_train_791.png,0
/normal/CXR_train_2096.png,0
/normal/CXR_train_1482.png,0
/normal/CXR_train_1417.png,0
/normal/CXR_train_2241.png,0
/normal/CXR_train_141.png,0
/normal/CXR_train_2149.png,0
/normal/CXR_train_1332.png,0
/normal/CXR_train_1768.png,0
/normal/CXR_train_2138.png,0
/normal/CXR_train_530.png,0
/normal/CXR_train_1046.png,0
/normal/CXR_train_363.png,0
/normal/CXR_train_265.png,0
/normal/CXR_train_1138.png,0
/normal/CXR_train_276.png,0
/normal/CXR_train_1806.png,0
/normal/CXR_train_2063.png,0
/normal/CXR_train_50.png,0
/normal/CXR_train_255.png,0
/normal/CXR_train_652.png,0
/normal/CXR_train_1535.png,0
/normal/CXR_train_131.png,0
/normal/CXR_train_1251.png,0
/normal/CXR_train_1070.png,0
/normal/CXR_train_1282.png,0
/normal/CXR_train_1468.png,0
/normal/CXR_train_2393.png,0
/normal/CXR_train_1211.png,0
/normal/CXR_train_2327.png,0
/normal/CXR_train_1848.png,0
/normal/CXR_train_1490.png,0
/normal/CXR_train_496.png,0
/normal/CXR_train_2288.png,0
/normal/CXR_train_2064.png,0
/normal/CXR_train_1667.png,0
/normal/CXR_train_789.png,0
/normal/CXR_train_1740.png,0
/normal/CXR_train_1697.png,0
/normal/CXR_train_863.png,0
/normal/CXR_train_92.png,0
/normal/CXR_train_579.png,0
/normal/CXR_train_2173.png,0
/normal/CXR_train_1491.png,0
/normal/CXR_train_2108.png,0
/normal/CXR_train_2259.png,0
/normal/CXR_train_1627.png,0
/normal/CXR_train_1590.png,0
/normal/CXR_train_2086.png,0
/normal/CXR_train_1463.png,0
/normal/CXR_train_21.png,0
/normal/CXR_train_1604.png,0
/normal/CXR_train_44.png,0
/normal/CXR_train_981.png,0
/normal/CXR_train_1111.png,0
/normal/CXR_train_535.png,0
/normal/CXR_train_43.png,0
/normal/CXR_train_556.png,0
/normal/CXR_train_467.png,0
/normal/CXR_train_1960.png,0
/normal/CXR_train_2190.png,0
/normal/CXR_train_428.png,0
/normal/CXR_train_608.png,0
/normal/CXR_train_2168.png,0
/normal/CXR_train_45.png,0
/normal/CXR_train_1966.png,0
/normal/CXR_train_2304.png,0
/normal/CXR_train_2039.png,0
/normal/CXR_train_2135.png,0
/normal/CXR_train_2325.png,0
/normal/CXR_train_898.png,0
/normal/CXR_train_441.png,0
/normal/CXR_train_2262.png,0
/normal/CXR_train_1829.png,0
/normal/CXR_train_1227.png,0
/normal/CXR_train_300.png,0
/normal/CXR_train_750.png,0
/normal/CXR_train_1340.png,0
/normal/CXR_train_386.png,0
/normal/CXR_train_1510.png,0
/normal/CXR_train_1406.png,0
/normal/CXR_train_1693.png,0
/normal/CXR_train_2183.png,0
/normal/CXR_train_1679.png,0
/normal/CXR_train_1795.png,0
/normal/CXR_train_1260.png,0
/normal/CXR_train_2016.png,0
/normal/CXR_train_873.png,0
/normal/CXR_train_199.png,0
/normal/CXR_train_344.png,0
/normal/CXR_train_637.png,0
/normal/CXR_train_41.png,0
/normal/CXR_train_2098.png,0
/normal/CXR_train_327.png,0
/normal/CXR_train_260.png,0
/normal/CXR_train_1995.png,0
/normal/CXR_train_1638.png,0
/normal/CXR_train_2275.png,0
/normal/CXR_train_138.png,0
/normal/CXR_train_763.png,0
/normal/CXR_train_1993.png,0
/normal/CXR_train_1444.png,0
/normal/CXR_train_304.png,0
/normal/CXR_train_1272.png,0
/normal/CXR_train_2126.png,0
/normal/CXR_train_595.png,0
/normal/CXR_train_1557.png,0
/normal/CXR_train_452.png,0
/normal/CXR_train_541.png,0
/normal/CXR_train_1804.png,0
/normal/CXR_train_1223.png,0
/normal/CXR_train_951.png,0
/normal/CXR_train_184.png,0
/normal/CXR_train_2120.png,0
/normal/CXR_train_658.png,0
/normal/CXR_train_845.png,0
/normal/CXR_train_2192.png,0
/normal/CXR_train_161.png,0
/normal/CXR_train_2291.png,0
/normal/CXR_train_1162.png,0
/normal/CXR_train_581.png,0
/normal/CXR_train_1365.png,0
/normal/CXR_train_512.png,0
/normal/CXR_train_1862.png,0
/normal/CXR_train_548.png,0
/normal/CXR_train_1248.png,0
/normal/CXR_train_1023.png,0
/normal/CXR_train_2055.png,0
/normal/CXR_train_997.png,0
/normal/CXR_train_796.png,0
/normal/CXR_train_901.png,0
/normal/CXR_train_585.png,0
/normal/CXR_train_1551.png,0
/normal/CXR_train_515.png,0
/normal/CXR_train_1727.png,0
/normal/CXR_train_1963.png,0
/normal/CXR_train_72.png,0
/normal/CXR_train_2214.png,0
/normal/CXR_train_1827.png,0
/normal/CXR_train_1316.png,0
/normal/CXR_train_1078.png,0
/normal/CXR_train_1082.png,0
/normal/CXR_train_125.png,0
/normal/CXR_train_1123.png,0
/normal/CXR_train_531.png,0
/normal/CXR_train_1441.png,0
/normal/CXR_train_555.png,0
/normal/CXR_train_325.png,0
/normal/CXR_train_2374.png,0
/normal/CXR_train_2148.png,0
/normal/CXR_train_1941.png,0
/normal/CXR_train_430.png,0
/normal/CXR_train_83.png,0
/normal/CXR_train_2264.png,0
/normal/CXR_train_1437.png,0
/normal/CXR_train_1927.png,0
/normal/CXR_train_1539.png,0
/normal/CXR_train_857.png,0
/normal/CXR_train_588.png,0
/normal/CXR_train_106.png,0
/normal/CXR_train_1709.png,0
/normal/CXR_train_2381.png,0
/normal/CXR_train_922.png,0
/normal/CXR_train_2423.png,0
/normal/CXR_train_2206.png,0
/normal/CXR_train_1112.png,0
/normal/CXR_train_1008.png,0
/normal/CXR_train_492.png,0
/normal/CXR_train_1542.png,0
/normal/CXR_train_1578.png,0
/normal/CXR_train_1553.png,0
/normal/CXR_train_185.png,0
/normal/CXR_train_936.png,0
/normal/CXR_train_1086.png,0
/normal/CXR_train_854.png,0
/normal/CXR_train_1809.png,0
/normal/CXR_train_1748.png,0
/normal/CXR_train_2399.png,0
/normal/CXR_train_935.png,0
/normal/CXR_train_453.png,0
/normal/CXR_train_1041.png,0
/normal/CXR_train_536.png,0
/normal/CXR_train_894.png,0
/normal/CXR_train_143.png,0
/normal/CXR_train_2258.png,0
/normal/CXR_train_1247.png,0
/normal/CXR_train_173.png,0
/normal/CXR_train_2024.png,0
/normal/CXR_train_1596.png,0
/normal/CXR_train_54.png,0
/normal/CXR_train_2300.png,0
/normal/CXR_train_1663.png,0
/normal/CXR_train_70.png,0
/normal/CXR_train_440.png,0
/normal/CXR_train_1660.png,0
/normal/CXR_train_1176.png,0
/normal/CXR_train_1983.png,0
/normal/CXR_train_576.png,0
/normal/CXR_train_1089.png,0
/normal/CXR_train_1591.png,0
/normal/CXR_train_1183.png,0
/normal/CXR_train_1097.png,0
/normal/CXR_train_941.png,0
/normal/CXR_train_770.png,0
/normal/CXR_train_18.png,0
/normal/CXR_train_1307.png,0
/normal/CXR_train_1292.png,0
/normal/CXR_train_1808.png,0
/normal/CXR_train_258.png,0
/normal/CXR_train_1715.png,0
/normal/CXR_train_1242.png,0
/normal/CXR_train_2395.png,0
/normal/CXR_train_618.png,0
/normal/CXR_train_632.png,0
/normal/CXR_train_1454.png,0
/normal/CXR_train_2303.png,0
/normal/CXR_train_1472.png,0
/normal/CXR_train_813.png,0
/normal/CXR_train_1813.png,0
/normal/CXR_train_929.png,0
/normal/CXR_train_675.png,0
/normal/CXR_train_1402.png,0
/normal/CXR_train_1215.png,0
/normal/CXR_train_1938.png,0
/normal/CXR_train_1928.png,0
/normal/CXR_train_1985.png,0
/normal/CXR_train_2378.png,0
/normal/CXR_train_502.png,0
/normal/CXR_train_1854.png,0
/normal/CXR_train_2366.png,0
/normal/CXR_train_1878.png,0
/normal/CXR_train_2083.png,0
/normal/CXR_train_1732.png,0
/normal/CXR_train_1044.png,0
/normal/CXR_train_331.png,0
/normal/CXR_train_705.png,0
/normal/CXR_train_1762.png,0
/normal/CXR_train_369.png,0
/normal/CXR_train_257.png,0
/normal/CXR_train_1879.png,0
/normal/CXR_train_2414.png,0
/normal/CXR_train_2376.png,0
/normal/CXR_train_1513.png,0
/normal/CXR_train_1831.png,0
/normal/CXR_train_1955.png,0
/normal/CXR_train_318.png,0
/normal/CXR_train_2116.png,0
/normal/CXR_train_613.png,0
/normal/CXR_train_1874.png,0
/normal/CXR_train_1859.png,0
/normal/CXR_train_1989.png,0
/normal/CXR_train_26.png,0
/normal/CXR_train_1466.png,0
/normal/CXR_train_1659.png,0
/normal/CXR_train_1903.png,0
/normal/CXR_train_389.png,0
/normal/CXR_train_760.png,0
/normal/CXR_train_767.png,0
/normal/CXR_train_1435.png,0
/normal/CXR_train_1730.png,0
/normal/CXR_train_1284.png,0
/normal/CXR_train_1899.png,0
/normal/CXR_train_2215.png,0
/normal/CXR_train_881.png,0
/normal/CXR_train_2351.png,0
/normal/CXR_train_1486.png,0
/normal/CXR_train_2319.png,0
/normal/CXR_train_1961.png,0
/normal/CXR_train_2328.png,0
/normal/CXR_train_1213.png,0
/normal/CXR_train_1599.png,0
/normal/CXR_train_367.png,0
/normal/CXR_train_1536.png,0
/normal/CXR_train_1060.png,0
/normal/CXR_train_1055.png,0
/normal/CXR_train_753.png,0
/normal/CXR_train_2358.png,0
/normal/CXR_train_822.png,0
/normal/CXR_train_9.png,0
/normal/CXR_train_1729.png,0
/normal/CXR_train_1090.png,0
/normal/CXR_train_2298.png,0
/normal/CXR_train_142.png,0
/normal/CXR_train_1006.png,0
/normal/CXR_train_1747.png,0
/normal/CXR_train_1025.png,0
/normal/CXR_train_2323.png,0
/normal/CXR_train_196.png,0
/normal/CXR_train_2239.png,0
/normal/CXR_train_1674.png,0
/normal/CXR_train_2031.png,0
/normal/CXR_train_1455.png,0
/normal/CXR_train_232.png,0
/normal/CXR_train_178.png,0
/normal/CXR_train_2081.png,0
/normal/CXR_train_1278.png,0
/normal/CXR_train_1359.png,0
/normal/CXR_train_356.png,0
/normal/CXR_train_521.png,0
/normal/CXR_train_764.png,0
/normal/CXR_train_803.png,0
/normal/CXR_train_2102.png,0
/normal/CXR_train_1265.png,0
/normal/CXR_train_1184.png,0
/normal/CXR_train_856.png,0
/normal/CXR_train_1445.png,0
/normal/CXR_train_316.png,0
/normal/CXR_train_775.png,0
/normal/CXR_train_2052.png,0
/normal/CXR_train_2093.png,0
/normal/CXR_train_1932.png,0
/normal/CXR_train_1002.png,0
/normal/CXR_train_2123.png,0
/normal/CXR_train_1785.png,0
/normal/CXR_train_469.png,0
/normal/CXR_train_1400.png,0
/normal/CXR_train_1353.png,0
/normal/CXR_train_444.png,0
/normal/CXR_train_714.png,0
/normal/CXR_train_429.png,0
/normal/CXR_train_1818.png,0
/normal/CXR_train_1005.png,0
/normal/CXR_train_1586.png,0
/normal/CXR_train_1110.png,0
/normal/CXR_train_964.png,0
/normal/CXR_train_1065.png,0
/normal/CXR_train_920.png,0
/normal/CXR_train_203.png,0
/normal/CXR_train_1888.png,0
/normal/CXR_train_815.png,0
/normal/CXR_train_862.png,0
/normal/CXR_train_2286.png,0
/normal/CXR_train_463.png,0
/normal/CXR_train_226.png,0
/normal/CXR_train_1908.png,0
/normal/CXR_train_159.png,0
/normal/CXR_train_861.png,0
/normal/CXR_train_1991.png,0
/normal/CXR_train_1880.png,0
/normal/CXR_train_1423.png,0
/normal/CXR_train_1207.png,0
/normal/CXR_train_1063.png,0
/normal/CXR_train_2234.png,0
/normal/CXR_train_1324.png,0
/normal/CXR_train_874.png,0
/normal/CXR_train_472.png,0
/normal/CXR_train_129.png,0
/normal/CXR_train_354.png,0
/normal/CXR_train_38.png,0
/normal/CXR_train_1425.png,0
/normal/CXR_train_761.png,0
/normal/CXR_train_682.png,0
/normal/CXR_train_946.png,0
/normal/CXR_train_2107.png,0
/normal/CXR_train_488.png,0
/normal/CXR_train_1038.png,0
/normal/CXR_train_69.png,0
/normal/CXR_train_1844.png,0
/normal/CXR_train_465.png,0
/normal/CXR_train_1095.png,0
/normal/CXR_train_101.png,0
/normal/CXR_train_2238.png,0
/normal/CXR_train_2007.png,0
/normal/CXR_train_239.png,0
/normal/CXR_train_1431.png,0
/normal/CXR_train_466.png,0
/normal/CXR_train_447.png,0
/normal/CXR_train_991.png,0
/normal/CXR_train_1978.png,0
/normal/CXR_train_2326.png,0
/normal/CXR_train_2056.png,0
/normal/CXR_train_2118.png,0
/normal/CXR_train_902.png,0
/normal/CXR_train_1149.png,0
/normal/CXR_train_1522.png,0
/normal/CXR_train_1212.png,0
/normal/CXR_train_1575.png,0
/normal/CXR_train_33.png,0
/normal/CXR_train_229.png,0
/normal/CXR_train_355.png,0
/normal/CXR_train_1179.png,0
/normal/CXR_train_1096.png,0
/normal/CXR_train_833.png,0
/normal/CXR_train_2048.png,0
/normal/CXR_train_2185.png,0
/normal/CXR_train_476.png,0
/normal/CXR_train_2014.png,0
/normal/CXR_train_1087.png,0
/normal/CXR_train_560.png,0
/normal/CXR_train_415.png,0
/normal/CXR_train_1352.png,0
/normal/CXR_train_292.png,0
/normal/CXR_train_1900.png,0
/normal/CXR_train_1040.png,0
/normal/CXR_train_962.png,0
/normal/CXR_train_403.png,0
/normal/CXR_train_1295.png,0
/normal/CXR_train_248.png,0
/normal/CXR_train_1594.png,0
/normal/CXR_train_379.png,0
/normal/CXR_train_366.png,0
/normal/CXR_train_1842.png,0
/normal/CXR_train_2088.png,0
/normal/CXR_train_1099.png,0
/normal/CXR_train_116.png,0
/normal/CXR_train_1946.png,0
/normal/CXR_train_459.png,0
/normal/CXR_train_2103.png,0
/normal/CXR_train_1465.png,0
/normal/CXR_train_399.png,0
/normal/CXR_train_598.png,0
/normal/CXR_train_376.png,0
/normal/CXR_train_1246.png,0
/normal/CXR_train_207.png,0
/normal/CXR_train_1180.png,0
/normal/CXR_train_1836.png,0
/normal/CXR_train_965.png,0
/normal/CXR_train_1870.png,0
/normal/CXR_train_882.png,0
/normal/CXR_train_990.png,0
/normal/CXR_train_622.png,0
/normal/CXR_train_2250.png,0
/normal/CXR_train_559.png,0
/normal/CXR_train_843.png,0
/normal/CXR_train_2020.png,0
/normal/CXR_train_333.png,0
/normal/CXR_train_27.png,0
/normal/CXR_train_118.png,0
/normal/CXR_train_1787.png,0
/normal/CXR_train_1598.png,0
/normal/CXR_train_277.png,0
/normal/CXR_train_1390.png,0
/normal/CXR_train_945.png,0
/normal/CXR_train_347.png,0
/normal/CXR_train_1231.png,0
/normal/CXR_train_824.png,0
/normal/CXR_train_529.png,0
/normal/CXR_train_2013.png,0
/normal/CXR_train_611.png,0
/normal/CXR_train_481.png,0
/normal/CXR_train_1336.png,0
/normal/CXR_train_1511.png,0
/normal/CXR_train_2178.png,0
/normal/CXR_train_1625.png,0
/normal/CXR_train_2188.png,0
/normal/CXR_train_241.png,0
/normal/CXR_train_2348.png,0
/normal/CXR_train_1370.png,0
/normal/CXR_train_2172.png,0
/normal/CXR_train_639.png,0
/normal/CXR_train_1746.png,0
/normal/CXR_train_1238.png,0
/normal/CXR_train_1258.png,0
/normal/CXR_train_2279.png,0
/normal/CXR_train_1882.png,0
/normal/CXR_train_520.png,0
/normal/CXR_train_1007.png,0
/normal/CXR_train_1685.png,0
/normal/CXR_train_303.png,0
/normal/CXR_train_1793.png,0
/normal/CXR_train_172.png,0
/normal/CXR_train_1698.png,0
/normal/CXR_train_1388.png,0
/normal/CXR_train_297.png,0
/normal/CXR_train_1771.png,0
/normal/CXR_train_314.png,0
/normal/CXR_train_866.png,0
/normal/CXR_train_1942.png,0
/normal/CXR_train_1701.png,0
/normal/CXR_train_1816.png,0
/normal/CXR_train_2235.png,0
/normal/CXR_train_1712.png,0
/normal/CXR_train_186.png,0
/normal/CXR_train_1824.png,0
/normal/CXR_train_685.png,0
/normal/CXR_train_2162.png,0
/normal/CXR_train_1807.png,0
/normal/CXR_train_330.png,0
/normal/CXR_train_20.png,0
/normal/CXR_train_1467.png,0
/normal/CXR_train_972.png,0
/normal/CXR_train_1923.png,0
/normal/CXR_train_1524.png,0
/normal/CXR_train_2345.png,0
/normal/CXR_train_818.png,0
/normal/CXR_train_104.png,0
/normal/CXR_train_1297.png,0
/normal/CXR_train_1503.png,0
/normal/CXR_train_2324.png,0
/normal/CXR_train_322.png,0
/normal/CXR_train_683.png,0
/normal/CXR_train_628.png,0
/normal/CXR_train_1026.png,0
/normal/CXR_train_416.png,0
/normal/CXR_train_1891.png,0
/normal/CXR_train_2420.png,0
/normal/CXR_train_218.png,0
/normal/CXR_train_1951.png,0
/normal/CXR_train_885.png,0
/normal/CXR_train_584.png,0
/normal/CXR_train_1547.png,0
/normal/CXR_train_2329.png,0
/normal/CXR_train_635.png,0
/normal/CXR_train_1203.png,0
/normal/CXR_train_2155.png,0
/normal/CXR_train_633.png,0
/normal/CXR_train_2334.png,0
/normal/CXR_train_1726.png,0
/normal/CXR_train_2132.png,0
/normal/CXR_train_206.png,0
/normal/CXR_train_1201.png,0
/normal/CXR_train_868.png,0
/normal/CXR_train_644.png,0
/normal/CXR_train_324.png,0
/normal/CXR_train_412.png,0
/normal/CXR_train_2008.png,0
/normal/CXR_train_1548.png,0
/normal/CXR_train_702.png,0
/normal/CXR_train_458.png,0
/normal/CXR_train_1413.png,0
/normal/CXR_train_2367.png,0
/normal/CXR_train_121.png,0
/normal/CXR_train_1648.png,0
/normal/CXR_train_1421.png,0
/normal/CXR_train_1022.png,0
/normal/CXR_train_780.png,0
/normal/CXR_train_371.png,0
/normal/CXR_train_37.png,0
/normal/CXR_train_1256.png,0
/normal/CXR_train_2200.png,0
/normal/CXR_train_607.png,0
/normal/CXR_train_317.png,0
/normal/CXR_train_1755.png,0
/normal/CXR_train_839.png,0
/normal/CXR_train_2211.png,0
/normal/CXR_train_151.png,0
/normal/CXR_train_547.png,0
/normal/CXR_train_827.png,0
/normal/CXR_train_361.png,0
/normal/CXR_train_480.png,0
/normal/CXR_train_1986.png,0
/normal/CXR_train_1456.png,0
/normal/CXR_train_1329.png,0
/normal/CXR_train_1950.png,0
/normal/CXR_train_927.png,0
/normal/CXR_train_2072.png,0
/normal/CXR_train_1198.png,0
/normal/CXR_train_1290.png,0
/normal/CXR_train_509.png,0
/normal/CXR_train_974.png,0
/normal/CXR_train_809.png,0
/normal/CXR_train_94.png,0
/normal/CXR_train_772.png,0
/normal/CXR_train_1270.png,0
/normal/CXR_train_1724.png,0
/normal/CXR_train_409.png,0
/normal/CXR_train_1204.png,0
/normal/CXR_train_175.png,0
/normal/CXR_train_2142.png,0
/normal/CXR_train_1084.png,0
/normal/CXR_train_1797.png,0
/normal/CXR_train_443.png,0
/normal/CXR_train_208.png,0
/normal/CXR_train_1152.png,0
/normal/CXR_train_189.png,0
/normal/CXR_train_1621.png,0
/normal/CXR_train_13.png,0
/normal/CXR_train_1944.png,0
/normal/CXR_train_2226.png,0
/normal/CXR_train_2019.png,0
/normal/CXR_train_899.png,0
/normal/CXR_train_2130.png,0
/normal/CXR_train_587.png,0
/normal/CXR_train_2306.png,0
/normal/CXR_train_1886.png,0
/normal/CXR_train_112.png,0
/normal/CXR_train_15.png,0
/normal/CXR_train_1959.png,0
/normal/CXR_train_1067.png,0
/normal/CXR_train_609.png,0
/normal/CXR_train_87.png,0
/normal/CXR_train_1034.png,0
/normal/CXR_train_503.png,0
/normal/CXR_train_154.png,0
/normal/CXR_train_1315.png,0
/normal/CXR_train_1582.png,0
/normal/CXR_train_1497.png,0
/normal/CXR_train_2150.png,0
/normal/CXR_train_1261.png,0
/normal/CXR_train_707.png,0
/normal/CXR_train_1061.png,0
/normal/CXR_train_1581.png,0
/normal/CXR_train_1750.png,0
/normal/CXR_train_1281.png,0
/normal/CXR_train_511.png,0
/normal/CXR_train_2181.png,0
/normal/CXR_train_2311.png,0
/normal/CXR_train_1229.png,0
/normal/CXR_train_275.png,0
/normal/CXR_train_718.png,0
/normal/CXR_train_360.png,0
/normal/CXR_train_544.png,0
/normal/CXR_train_709.png,0
/normal/CXR_train_769.png,0
/normal/CXR_train_1232.png,0
/normal/CXR_train_1956.png,0
/normal/CXR_train_1835.png,0
/normal/CXR_train_2404.png,0
/normal/CXR_train_1805.png,0
/normal/CXR_train_288.png,0
/normal/CXR_train_59.png,0
/normal/CXR_train_2263.png,0
/normal/CXR_train_1601.png,0
/normal/CXR_train_227.png,0
/normal/CXR_train_799.png,0
/normal/CXR_train_1516.png,0
/normal/CXR_train_2402.png,0
/normal/CXR_train_1583.png,0
/normal/CXR_train_1381.png,0
/normal/CXR_train_1570.png,0
/normal/CXR_train_477.png,0
/normal/CXR_train_1426.png,0
/normal/CXR_train_2421.png,0
/normal/CXR_train_1850.png,0
/normal/CXR_train_342.png,0
/normal/CXR_train_643.png,0
/normal/CXR_train_1896.png,0
/normal/CXR_train_586.png,0
/normal/CXR_train_183.png,0
/normal/CXR_train_108.png,0
/normal/CXR_train_672.png,0
/normal/CXR_train_1708.png,0
/normal/CXR_train_1101.png,0
/normal/CXR_train_674.png,0
/normal/CXR_train_1705.png,0
/normal/CXR_train_1125.png,0
/normal/CXR_train_420.png,0
/normal/CXR_train_384.png,0
/normal/CXR_train_1845.png,0
/normal/CXR_train_939.png,0
/normal/CXR_train_701.png,0
/normal/CXR_train_1094.png,0
/normal/CXR_train_589.png,0
/normal/CXR_train_182.png,0
/normal/CXR_train_1953.png,0
/normal/CXR_train_953.png,0
/normal/CXR_train_1093.png,0
/normal/CXR_train_952.png,0
/normal/CXR_train_1489.png,0
/normal/CXR_train_1083.png,0
/normal/CXR_train_1079.png,0
/normal/CXR_train_1479.png,0
/normal/CXR_train_2280.png,0
/normal/CXR_train_678.png,0
/normal/CXR_train_1994.png,0
/normal/CXR_train_670.png,0
/normal/CXR_train_62.png,0
/normal/CXR_train_931.png,0
/normal/CXR_train_120.png,0
/normal/CXR_train_449.png,0
/normal/CXR_train_1453.png,0
/normal/CXR_train_790.png,0
/normal/CXR_train_364.png,0
/normal/CXR_train_1494.png,0
/normal/CXR_train_1962.png,0
/normal/CXR_train_1834.png,0
/normal/CXR_train_836.png,0
/normal/CXR_train_1032.png,0
/normal/CXR_train_852.png,0
/normal/CXR_train_200.png,0
/normal/CXR_train_963.png,0
/normal/CXR_train_494.png,0
/normal/CXR_train_1004.png,0
/normal/CXR_train_1153.png,0
/normal/CXR_train_623.png,0
/normal/CXR_train_577.png,0
/normal/CXR_train_528.png,0
/normal/CXR_train_2156.png,0
/normal/CXR_train_659.png,0
/normal/CXR_train_1225.png,0
/normal/CXR_train_2260.png,0
/normal/CXR_train_2346.png,0
/normal/CXR_train_741.png,0
/normal/CXR_train_205.png,0
/normal/CXR_train_439.png,0
/normal/CXR_train_353.png,0
/normal/CXR_train_1076.png,0
/normal/CXR_train_1350.png,0
/normal/CXR_train_2128.png,0
/normal/CXR_train_887.png,0
/normal/CXR_train_1736.png,0
/normal/CXR_train_1309.png,0
/normal/CXR_train_103.png,0
/normal/CXR_train_167.png,0
/normal/CXR_train_1967.png,0
/normal/CXR_train_1867.png,0
/normal/CXR_train_135.png,0
/normal/CXR_train_532.png,0
/normal/CXR_train_323.png,0
/normal/CXR_train_2209.png,0
/normal/CXR_train_499.png,0
/normal/CXR_train_2242.png,0
/normal/CXR_train_2065.png,0
/normal/CXR_train_1275.png,0
/normal/CXR_train_1057.png,0
/normal/CXR_train_2380.png,0
/normal/CXR_train_572.png,0
/normal/CXR_train_418.png,0
/normal/CXR_train_359.png,0
/normal/CXR_train_336.png,0
/normal/CXR_train_557.png,0
/normal/CXR_train_602.png,0
/normal/CXR_train_641.png,0
/normal/CXR_train_909.png,0
/normal/CXR_train_806.png,0
/normal/CXR_train_2115.png,0
/normal/CXR_train_1448.png,0
/normal/CXR_train_1970.png,0
/normal/CXR_train_944.png,0
/normal/CXR_train_250.png,0
/normal/CXR_train_1872.png,0
/normal/CXR_train_1271.png,0
/normal/CXR_train_2131.png,0
/normal/CXR_train_1049.png,0
/normal/CXR_train_2089.png,0
/normal/CXR_train_306.png,0
/normal/CXR_train_299.png,0
/normal/CXR_train_1262.png,0
/normal/CXR_train_372.png,0
/normal/CXR_train_969.png,0
/normal/CXR_train_1134.png,0
/normal/CXR_train_2189.png,0
/normal/CXR_train_689.png,0
/normal/CXR_train_1276.png,0
/normal/CXR_train_1322.png,0
/normal/CXR_train_2251.png,0
/normal/CXR_train_1564.png,0
/normal/CXR_train_1395.png,0
/normal/CXR_train_888.png,0
/normal/CXR_train_2113.png,0
/normal/CXR_train_1909.png,0
/normal/CXR_train_1216.png,0
/normal/CXR_train_1692.png,0
/normal/CXR_train_2034.png,0
/normal/CXR_train_550.png,0
/normal/CXR_train_1328.png,0
/normal/CXR_train_692.png,0
/normal/CXR_train_629.png,0
/normal/CXR_train_1442.png,0
/normal/CXR_train_558.png,0
/normal/CXR_train_1368.png,0
/normal/CXR_train_1429.png,0
/normal/CXR_train_1135.png,0
/normal/CXR_train_1450.png,0
/normal/CXR_train_1992.png,0
/normal/CXR_train_1869.png,0
/normal/CXR_train_1283.png,0
/normal/CXR_train_171.png,0
/normal/CXR_train_1250.png,0
/normal/CXR_train_1001.png,0
/normal/CXR_train_2290.png,0
/normal/CXR_train_1009.png,0
/normal/CXR_train_784.png,0
/normal/CXR_train_1585.png,0
/normal/CXR_train_2041.png,0
/normal/CXR_train_693.png,0
/normal/CXR_train_1412.png,0
/normal/CXR_train_1887.png,0
/normal/CXR_train_1427.png,0
/normal/CXR_train_1088.png,0
/normal/CXR_train_1068.png,0
/normal/CXR_train_2282.png,0
/normal/CXR_train_2208.png,0
/normal/CXR_train_1473.png,0
/normal/CXR_train_977.png,0
/normal/CXR_train_1092.png,0
/normal/CXR_train_1538.png,0
/normal/CXR_train_235.png,0
/normal/CXR_train_1122.png,0
/normal/CXR_train_2119.png,0
/normal/CXR_train_383.png,0
/normal/CXR_train_2396.png,0
/normal/CXR_train_2384.png,0
/normal/CXR_train_720.png,0
/normal/CXR_train_2321.png,0
/normal/CXR_train_310.png,0
/normal/CXR_train_526.png,0
/normal/CXR_train_2129.png,0
/normal/CXR_train_1647.png,0
/normal/CXR_train_826.png,0
/normal/CXR_train_461.png,0
/normal/CXR_train_703.png,0
/normal/CXR_train_320.png,0
/normal/CXR_train_1911.png,0
/normal/CXR_train_1789.png,0
/normal/CXR_train_127.png,0
/normal/CXR_train_2050.png,0
/normal/CXR_train_1347.png,0
/normal/CXR_train_1973.png,0
/normal/CXR_train_926.png,0
/normal/CXR_train_2080.png,0
/normal/CXR_train_1166.png,0
/normal/CXR_train_2322.png,0
/normal/CXR_train_2166.png,0
/normal/CXR_train_1602.png,0
/normal/CXR_train_373.png,0
/normal/CXR_train_1794.png,0
/normal/CXR_train_2276.png,0
/normal/CXR_train_1937.png,0
/normal/CXR_train_880.png,0
/normal/CXR_train_1773.png,0
/normal/CXR_train_281.png,0
/normal/CXR_train_2270.png,0
/normal/CXR_train_648.png,0
/normal/CXR_train_752.png,0
/normal/CXR_train_1822.png,0
/normal/CXR_train_1361.png,0
/normal/CXR_train_723.png,0
/normal/CXR_train_1517.png,0
/normal/CXR_train_194.png,0
/normal/CXR_train_478.png,0
/normal/CXR_train_1342.png,0
/normal/CXR_train_137.png,0
/normal/CXR_train_1873.png,0
/normal/CXR_train_2308.png,0
/normal/CXR_train_55.png,0
/normal/CXR_train_2182.png,0
/normal/CXR_train_1895.png,0
/normal/CXR_train_334.png,0
/normal/CXR_train_794.png,0
/normal/CXR_train_1770.png,0
/normal/CXR_train_2075.png,0
/normal/CXR_train_831.png,0
/normal/CXR_train_1629.png,0
/normal/CXR_train_256.png,0
/normal/CXR_train_1969.png,0
/normal/CXR_train_877.png,0
/normal/CXR_train_1311.png,0
/normal/CXR_train_1749.png,0
/normal/CXR_train_1404.png,0
/normal/CXR_train_1823.png,0
/normal/CXR_train_190.png,0
/normal/CXR_train_437.png,0
/normal/CXR_train_252.png,0
/normal/CXR_train_878.png,0
/normal/CXR_train_2398.png,0
/normal/CXR_train_522.png,0
/normal/CXR_train_2111.png,0
/normal/CXR_train_1080.png,0
/normal/CXR_train_450.png,0
/normal/CXR_train_2047.png,0
/normal/CXR_train_2335.png,0
/normal/CXR_train_2240.png,0
/normal/CXR_train_1817.png,0
/normal/CXR_train_2121.png,0
/normal/CXR_train_414.png,0
/normal/CXR_train_220.png,0
/normal/CXR_train_1333.png,0
/normal/CXR_train_1515.png,0
/normal/CXR_train_1636.png,0
/normal/CXR_train_1614.png,0
/normal/CXR_train_35.png,0
/normal/CXR_train_677.png,0
/normal/CXR_train_2418.png,0
/normal/CXR_train_1744.png,0
/normal/CXR_train_39.png,0
/normal/CXR_train_554.png,0
/normal/CXR_train_534.png,0
/normal/CXR_train_1460.png,0
/normal/CXR_train_109.png,0
/normal/CXR_train_1666.png,0
/normal/CXR_train_1710.png,0
/normal/CXR_train_930.png,0
/normal/CXR_train_2372.png,0
/normal/CXR_train_538.png,0
/normal/CXR_train_1935.png,0
/normal/CXR_train_886.png,0
/normal/CXR_train_875.png,0
/normal/CXR_train_2254.png,0
/normal/CXR_train_751.png,0
/normal/CXR_train_1098.png,0
/normal/CXR_train_212.png,0
/normal/CXR_train_427.png,0
/normal/CXR_train_53.png,0
/normal/CXR_train_1017.png,0
/normal/CXR_train_1233.png,0
/normal/CXR_train_1566.png,0
/normal/CXR_train_2000.png,0
/normal/CXR_train_1556.png,0
/normal/CXR_train_1102.png,0
/normal/CXR_train_456.png,0
/normal/CXR_train_2112.png,0
/normal/CXR_train_1294.png,0
/normal/CXR_train_374.png,0
/normal/CXR_train_1228.png,0
/normal/CXR_train_1358.png,0
/normal/CXR_train_2369.png,0
/normal/CXR_train_706.png,0
/normal/CXR_train_917.png,0
/normal/CXR_train_1550.png,0
/normal/CXR_train_2310.png,0
/normal/CXR_train_1418.png,0
/normal/CXR_train_654.png,0
/normal/CXR_train_2382.png,0
/normal/CXR_train_568.png,0
/normal/CXR_train_1326.png,0
/normal/CXR_train_25.png,0
/normal/CXR_train_506.png,0
/normal/CXR_train_305.png,0
/normal/CXR_train_1374.png,0
/normal/CXR_train_1480.png,0
/normal/CXR_train_925.png,0
/normal/CXR_train_148.png,0
/normal/CXR_train_328.png,0
/normal/CXR_train_1189.png,0
/normal/CXR_train_1605.png,0
/normal/CXR_train_933.png,0
/normal/CXR_train_1485.png,0
/normal/CXR_train_272.png,0
/normal/CXR_train_1832.png,0
/normal/CXR_train_122.png,0
/normal/CXR_train_1029.png,0
/normal/CXR_train_737.png,0
/normal/CXR_train_1449.png,0
/normal/CXR_train_1595.png,0
/normal/CXR_train_1496.png,0
/normal/CXR_train_1864.png,0
/normal/CXR_train_1752.png,0
/normal/CXR_train_390.png,0
/normal/CXR_train_1230.png,0
/normal/CXR_train_433.png,0
/normal/CXR_train_2336.png,0
/normal/CXR_train_1372.png,0
/normal/CXR_train_2228.png,0
/normal/CXR_train_302.png,0
/normal/CXR_train_2230.png,0
/normal/CXR_train_597.png,0
/normal/CXR_train_2278.png,0
/normal/CXR_train_621.png,0
/normal/CXR_train_1988.png,0
/normal/CXR_train_22.png,0
/normal/CXR_train_913.png,0
/normal/CXR_train_2218.png,0
/normal/CXR_train_968.png,0
/normal/CXR_train_2037.png,0
/normal/CXR_train_1269.png,0
/normal/CXR_train_16.png,0
/normal/CXR_train_1403.png,0
/normal/CXR_train_1790.png,0
/normal/CXR_train_1410.png,0
/normal/CXR_train_844.png,0
/normal/CXR_train_525.png,0
/normal/CXR_train_1199.png,0
/normal/CXR_train_1321.png,0
/normal/CXR_train_397.png,0
/normal/CXR_train_1580.png,0
/normal/CXR_train_1662.png,0
/normal/CXR_train_2027.png,0
/normal/CXR_train_2232.png,0
/normal/CXR_train_1669.png,0
/normal/CXR_train_1861.png,0
/normal/CXR_train_634.png,0
/normal/CXR_train_240.png,0
/normal/CXR_train_1765.png,0
/normal/CXR_train_728.png,0
/normal/CXR_train_1058.png,0
/normal/CXR_train_2227.png,0
/normal/CXR_train_1104.png,0
/normal/CXR_train_594.png,0
/normal/CXR_train_905.png,0
/normal/CXR_train_2256.png,0
/normal/CXR_train_357.png,0
/normal/CXR_train_294.png,0
/normal/CXR_train_915.png,0
/normal/CXR_train_1512.png,0
/normal/CXR_train_1241.png,0
/normal/CXR_train_712.png,0
/normal/CXR_train_1139.png,0
/normal/CXR_train_406.png,0
/normal/CXR_train_1375.png,0
/normal/CXR_train_1644.png,0
/normal/CXR_train_1668.png,0
/normal/CXR_train_1174.png,0
/normal/CXR_train_746.png,0
/normal/CXR_train_313.png,0
/normal/CXR_train_1694.png,0
/normal/CXR_train_2137.png,0
/normal/CXR_train_2045.png,0
/normal/CXR_train_724.png,0
/normal/CXR_train_1977.png,0
/normal/CXR_train_495.png,0
/normal/CXR_train_1000.png,0
/normal/CXR_train_1052.png,0
/normal/CXR_train_269.png,0
/normal/CXR_train_2261.png,0
/normal/CXR_train_2073.png,0
/normal/CXR_train_957.png,0
/normal/CXR_train_729.png,0
/normal/CXR_train_782.png,0
/normal/CXR_train_1761.png,0
/normal/CXR_train_60.png,0
/normal/CXR_train_1632.png,0
/normal/CXR_train_625.png,0
/normal/CXR_train_2062.png,0
/normal/CXR_train_711.png,0
/normal/CXR_train_91.png,0
/normal/CXR_train_1546.png,0
/normal/CXR_train_370.png,0
/normal/CXR_train_2301.png,0
/normal/CXR_train_956.png,0
/normal/CXR_train_2094.png,0
/normal/CXR_train_871.png,0
/normal/CXR_train_2416.png,0
/normal/CXR_train_599.png,0
/normal/CXR_train_1565.png,0
/normal/CXR_train_910.png,0
/normal/CXR_train_676.png,0
/normal/CXR_train_332.png,0
/normal/CXR_train_1901.png,0
/normal/CXR_train_1673.png,0
/normal/CXR_train_1569.png,0
/normal/CXR_train_1792.png,0
/normal/CXR_train_823.png,0
/normal/CXR_train_934.png,0
/normal/CXR_train_1234.png,0
/normal/CXR_train_2203.png,0
/normal/CXR_train_1504.png,0
/normal/CXR_train_2252.png,0
/normal/CXR_train_301.png,0
/normal/CXR_train_832.png,0
/normal/CXR_train_2067.png,0
/normal/CXR_train_1477.png,0
/normal/CXR_train_755.png,0
/normal/CXR_train_424.png,0
/normal/CXR_train_1894.png,0
/normal/CXR_train_1760.png,0
/normal/CXR_train_1154.png,0
/normal/CXR_train_2070.png,0
/normal/CXR_train_2053.png,0
/normal/CXR_train_1696.png,0
/normal/CXR_train_1622.png,0
/normal/CXR_train_698.png,0
/normal/CXR_train_1239.png,0
/normal/CXR_train_340.png,0
/normal/CXR_train_1464.png,0
/normal/CXR_train_2146.png,0
/normal/CXR_train_2405.png,0
/normal/CXR_train_1394.png,0
/normal/CXR_train_907.png,0
/normal/CXR_train_708.png,0
/normal/CXR_train_1810.png,0
/normal/CXR_train_1218.png,0
/normal/CXR_train_1529.png,0
/normal/CXR_train_2365.png,0
/normal/CXR_train_1519.png,0
/normal/CXR_train_1051.png,0
/normal/CXR_train_80.png,0
/normal/CXR_train_1688.png,0
/normal/CXR_train_1130.png,0
/normal/CXR_train_1391.png,0
/normal/CXR_train_1756.png,0
/normal/CXR_train_464.png,0
/normal/CXR_train_2333.png,0
/normal/CXR_train_1968.png,0
/normal/CXR_train_2287.png,0
/normal/CXR_train_1443.png,0
/normal/CXR_train_65.png,0
/normal/CXR_train_2187.png,0
/normal/CXR_train_1949.png,0
/normal/CXR_train_1495.png,0
/normal/CXR_train_17.png,0
/normal/CXR_train_1115.png,0
/normal/CXR_train_1537.png,0
/normal/CXR_train_2223.png,0
/normal/CXR_train_616.png,0
/normal/CXR_train_537.png,0
/normal/CXR_train_1120.png,0
/normal/CXR_train_1562.png,0
/normal/CXR_train_1784.png,0
/normal/CXR_train_1540.png,0
/normal/CXR_train_2412.png,0
/normal/CXR_train_1436.png,0
/pneumonia/CXR_train_1702.png,1
/pneumonia/CXR_train_1113.png,1
/pneumonia/CXR_train_2012.png,1
/pneumonia/CXR_train_626.png,1
/pneumonia/CXR_train_1141.png,1
/pneumonia/CXR_train_812.png,1
/pneumonia/CXR_train_1982.png,1
/pneumonia/CXR_train_1552.png,1
/pneumonia/CXR_train_1664.png,1
/pneumonia/CXR_train_1160.png,1
/pneumonia/CXR_train_884.png,1
/pneumonia/CXR_train_289.png,1
/pneumonia/CXR_train_11.png,1
/pneumonia/CXR_train_787.png,1
/pneumonia/CXR_train_1432.png,1
/pneumonia/CXR_train_279.png,1
/pneumonia/CXR_train_482.png,1
/pneumonia/CXR_train_1687.png,1
/pneumonia/CXR_train_490.png,1
/pneumonia/CXR_train_1544.png,1
/pneumonia/CXR_train_2363.png,1
/pneumonia/CXR_train_620.png,1
/pneumonia/CXR_train_1018.png,1
/pneumonia/CXR_train_1187.png,1
/pneumonia/CXR_train_445.png,1
/pneumonia/CXR_train_1579.png,1
/pneumonia/CXR_train_1706.png,1
/pneumonia/CXR_train_1202.png,1
/pneumonia/CXR_train_1380.png,1
/pneumonia/CXR_train_486.png,1
/pneumonia/CXR_train_552.png,1
/pneumonia/CXR_train_603.png,1
/pneumonia/CXR_train_1244.png,1
/pneumonia/CXR_train_1620.png,1
/pneumonia/CXR_train_2213.png,1
/pneumonia/CXR_train_2038.png,1
/pneumonia/CXR_train_1718.png,1
/pneumonia/CXR_train_1839.png,1
/pneumonia/CXR_train_1389.png,1
/pneumonia/CXR_train_1940.png,1
/pneumonia/CXR_train_177.png,1
/pneumonia/CXR_train_1811.png,1
/pneumonia/CXR_train_615.png,1
/pneumonia/CXR_train_1846.png,1
/pneumonia/CXR_train_470.png,1
/pneumonia/CXR_train_1085.png,1
/pneumonia/CXR_train_147.png,1
/pneumonia/CXR_train_1188.png,1
/pneumonia/CXR_train_743.png,1
/pneumonia/CXR_train_523.png,1
/pneumonia/CXR_train_733.png,1
/pneumonia/CXR_train_1003.png,1
/pneumonia/CXR_train_1799.png,1
/pneumonia/CXR_train_2313.png,1
/pneumonia/CXR_train_362.png,1
/pneumonia/CXR_train_1778.png,1
/pneumonia/CXR_train_2377.png,1
/pneumonia/CXR_train_421.png,1
/pneumonia/CXR_train_513.png,1
/pneumonia/CXR_train_1220.png,1
/pneumonia/CXR_train_2389.png,1
/pneumonia/CXR_train_1014.png,1
/pneumonia/CXR_train_1699.png,1
/pneumonia/CXR_train_1855.png,1
/pneumonia/CXR_train_1980.png,1
/pneumonia/CXR_train_270.png,1
/pneumonia/CXR_train_293.png,1
/pneumonia/CXR_train_1658.png,1
/pneumonia/CXR_train_1999.png,1
/pneumonia/CXR_train_1165.png,1
/pneumonia/CXR_train_504.png,1
/pneumonia/CXR_train_2354.png,1
/pneumonia/CXR_train_111.png,1
/pneumonia/CXR_train_2104.png,1
/pneumonia/CXR_train_1505.png,1
/pneumonia/CXR_train_61.png,1
/pneumonia/CXR_train_2332.png,1
/pneumonia/CXR_train_2117.png,1
/pneumonia/CXR_train_928.png,1
/pneumonia/CXR_train_1523.png,1
/pneumonia/CXR_train_1700.png,1
/pneumonia/CXR_train_567.png,1
/pneumonia/CXR_train_144.png,1
/pneumonia/CXR_train_1208.png,1
/pneumonia/CXR_train_897.png,1
/pneumonia/CXR_train_434.png,1
/pneumonia/CXR_train_1858.png,1
/pneumonia/CXR_train_1561.png,1
/pneumonia/CXR_train_1397.png,1
/pneumonia/CXR_train_1714.png,1
/pneumonia/CXR_train_1053.png,1
/pneumonia/CXR_train_1245.png,1
/pneumonia/CXR_train_312.png,1
/pneumonia/CXR_train_2077.png,1
/pneumonia/CXR_train_1337.png,1
/pneumonia/CXR_train_1428.png,1
/pneumonia/CXR_train_448.png,1
/pneumonia/CXR_train_1990.png,1
/pneumonia/CXR_train_2400.png,1
/pneumonia/CXR_train_1305.png,1
/pneumonia/CXR_train_2292.png,1
/pneumonia/CXR_train_2364.png,1
/pneumonia/CXR_train_1649.png,1
/pneumonia/CXR_train_1763.png,1
/pneumonia/CXR_train_139.png,1
/pneumonia/CXR_train_1533.png,1
/pneumonia/CXR_train_1783.png,1
/pneumonia/CXR_train_1833.png,1
/pneumonia/CXR_train_688.png,1
/pneumonia/CXR_train_847.png,1
/pneumonia/CXR_train_479.png,1
/pneumonia/CXR_train_491.png,1
/pneumonia/CXR_train_1386.png,1
/pneumonia/CXR_train_561.png,1
/pneumonia/CXR_train_2293.png,1
/pneumonia/CXR_train_319.png,1
/pneumonia/CXR_train_1840.png,1
/pneumonia/CXR_train_2.png,1
/pneumonia/CXR_train_130.png,1
/pneumonia/CXR_train_776.png,1
/pneumonia/CXR_train_1952.png,1
/pneumonia/CXR_train_1045.png,1
/pneumonia/CXR_train_170.png,1
/pneumonia/CXR_train_309.png,1
/pneumonia/CXR_train_1675.png,1
/pneumonia/CXR_train_1782.png,1
/pneumonia/CXR_train_1745.png,1
/pneumonia/CXR_train_2144.png,1
/pneumonia/CXR_train_1815.png,1
/pneumonia/CXR_train_1588.png,1
/pneumonia/CXR_train_817.png,1
/pneumonia/CXR_train_967.png,1
/pneumonia/CXR_train_1197.png,1
/pneumonia/CXR_train_1451.png,1
/pneumonia/CXR_train_2140.png,1
/pneumonia/CXR_train_2408.png,1
/pneumonia/CXR_train_923.png,1
/pneumonia/CXR_train_1462.png,1
/pneumonia/CXR_train_1682.png,1
/pneumonia/CXR_train_958.png,1
/pneumonia/CXR_train_2233.png,1
/pneumonia/CXR_train_1954.png,1
/pneumonia/CXR_train_404.png,1
/pneumonia/CXR_train_673.png,1
/pneumonia/CXR_train_149.png,1
/pneumonia/CXR_train_517.png,1
/pneumonia/CXR_train_610.png,1
/pneumonia/CXR_train_2316.png,1
/pneumonia/CXR_train_2284.png,1
/pneumonia/CXR_train_1907.png,1
/pneumonia/CXR_train_865.png,1
/pneumonia/CXR_train_681.png,1
/pneumonia/CXR_train_1267.png,1
/pneumonia/CXR_train_2171.png,1
/pneumonia/CXR_train_410.png,1
/pneumonia/CXR_train_145.png,1
/pneumonia/CXR_train_1109.png,1
/pneumonia/CXR_train_747.png,1
/pneumonia/CXR_train_2057.png,1
/pneumonia/CXR_train_2059.png,1
/pneumonia/CXR_train_1742.png,1
/pneumonia/CXR_train_2417.png,1
/pneumonia/CXR_train_2011.png,1
/pneumonia/CXR_train_146.png,1
/pneumonia/CXR_train_1779.png,1
/pneumonia/CXR_train_12.png,1
/pneumonia/CXR_train_1323.png,1
/pneumonia/CXR_train_574.png,1
/pneumonia/CXR_train_1405.png,1
/pneumonia/CXR_train_115.png,1
/pneumonia/CXR_train_2021.png,1
/pneumonia/CXR_train_2046.png,1
/pneumonia/CXR_train_2265.png,1
/pneumonia/CXR_train_1106.png,1
/pneumonia/CXR_train_1889.png,1
/pneumonia/CXR_train_261.png,1
/pneumonia/CXR_train_411.png,1
/pneumonia/CXR_train_1240.png,1
/pneumonia/CXR_train_795.png,1
/pneumonia/CXR_train_1703.png,1
/pneumonia/CXR_train_2082.png,1
/pneumonia/CXR_train_2151.png,1
/pneumonia/CXR_train_754.png,1
/pneumonia/CXR_train_1301.png,1
/pneumonia/CXR_train_1584.png,1
/pneumonia/CXR_train_1318.png,1
/pneumonia/CXR_train_128.png,1
/pneumonia/CXR_train_245.png,1
/pneumonia/CXR_train_1933.png,1
/pneumonia/CXR_train_2176.png,1
/pneumonia/CXR_train_31.png,1
/pneumonia/CXR_train_642.png,1
/pneumonia/CXR_train_1520.png,1
/pneumonia/CXR_train_1631.png,1
/pneumonia/CXR_train_1252.png,1
/pneumonia/CXR_train_2409.png,1
/pneumonia/CXR_train_380.png,1
/pneumonia/CXR_train_2330.png,1
/pneumonia/CXR_train_1757.png,1
/pneumonia/CXR_train_1105.png,1
/pneumonia/CXR_train_867.png,1
/pneumonia/CXR_train_1607.png,1
/pneumonia/CXR_train_1791.png,1
/pneumonia/CXR_train_1567.png,1
/pneumonia/CXR_train_938.png,1
/pneumonia/CXR_train_1030.png,1
/pneumonia/CXR_train_614.png,1
/pneumonia/CXR_train_1650.png,1
/pneumonia/CXR_train_2043.png,1
/pneumonia/CXR_train_539.png,1
/pneumonia/CXR_train_828.png,1
/pneumonia/CXR_train_879.png,1
/pneumonia/CXR_train_1268.png,1
/pneumonia/CXR_train_1707.png,1
/pneumonia/CXR_train_1723.png,1
/pneumonia/CXR_train_2339.png,1
/pneumonia/CXR_train_1182.png,1
/pneumonia/CXR_train_5.png,1
/pneumonia/CXR_train_1639.png,1
/pneumonia/CXR_train_1751.png,1
/pneumonia/CXR_train_1654.png,1
/pneumonia/CXR_train_1471.png,1
/pneumonia/CXR_train_100.png,1
/pneumonia/CXR_train_2415.png,1
/pneumonia/CXR_train_49.png,1
/pneumonia/CXR_train_562.png,1
/pneumonia/CXR_train_1655.png,1
/pneumonia/CXR_train_835.png,1
/pneumonia/CXR_train_1398.png,1
/pneumonia/CXR_train_1611.png,1
/pneumonia/CXR_train_2051.png,1
/pneumonia/CXR_train_2205.png,1
/pneumonia/CXR_train_213.png,1
/pneumonia/CXR_train_71.png,1
/pneumonia/CXR_train_2391.png,1
/pneumonia/CXR_train_2177.png,1
/pneumonia/CXR_train_1856.png,1
/pneumonia/CXR_train_284.png,1
/pneumonia/CXR_train_382.png,1
/pneumonia/CXR_train_758.png,1
/pneumonia/CXR_train_1369.png,1
/pneumonia/CXR_train_2025.png,1
/pneumonia/CXR_train_1913.png,1
/pneumonia/CXR_train_1195.png,1
/pneumonia/CXR_train_1574.png,1
/pneumonia/CXR_train_1777.png,1
/pneumonia/CXR_train_1356.png,1
/pneumonia/CXR_train_542.png,1
/pneumonia/CXR_train_1185.png,1
/pneumonia/CXR_train_1066.png,1
/pneumonia/CXR_train_1354.png,1
/pneumonia/CXR_train_985.png,1
/pneumonia/CXR_train_1263.png,1
/pneumonia/CXR_train_1274.png,1
/pneumonia/CXR_train_197.png,1
/pneumonia/CXR_train_1131.png,1
/pneumonia/CXR_train_1876.png,1
/pneumonia/CXR_train_238.png,1
/pneumonia/CXR_train_966.png,1
/pneumonia/CXR_train_287.png,1
/pneumonia/CXR_train_1124.png,1
/pneumonia/CXR_train_23.png,1
/pneumonia/CXR_train_1645.png,1
/pneumonia/CXR_train_1531.png,1
/pneumonia/CXR_train_2022.png,1
/pneumonia/CXR_train_1363.png,1
/pneumonia/CXR_train_788.png,1
/pneumonia/CXR_train_1191.png,1
/pneumonia/CXR_train_970.png,1
/pneumonia/CXR_train_1205.png,1
/pneumonia/CXR_train_825.png,1
/pneumonia/CXR_train_2100.png,1
/pneumonia/CXR_train_800.png,1
/pneumonia/CXR_train_738.png,1
/pneumonia/CXR_train_259.png,1
/pneumonia/CXR_train_1929.png,1
/pneumonia/CXR_train_1433.png,1
/pneumonia/CXR_train_649.png,1
/pneumonia/CXR_train_237.png,1
/pneumonia/CXR_train_722.png,1
/pneumonia/CXR_train_1733.png,1
/pneumonia/CXR_train_2009.png,1
/pneumonia/CXR_train_1803.png,1
/pneumonia/CXR_train_1376.png,1
/pneumonia/CXR_train_2277.png,1
/pneumonia/CXR_train_2058.png,1
/pneumonia/CXR_train_119.png,1
/pneumonia/CXR_train_1048.png,1
/pneumonia/CXR_train_1672.png,1
/pneumonia/CXR_train_405.png,1
/pneumonia/CXR_train_1776.png,1
/pneumonia/CXR_train_107.png,1
/pneumonia/CXR_train_1416.png,1
/pneumonia/CXR_train_1028.png,1
/pneumonia/CXR_train_2087.png,1
/pneumonia/CXR_train_2091.png,1
/pneumonia/CXR_train_918.png,1
/pneumonia/CXR_train_489.png,1
/pneumonia/CXR_train_1589.png,1
/pneumonia/CXR_train_564.png,1
/pneumonia/CXR_train_1965.png,1
/pneumonia/CXR_train_155.png,1
/pneumonia/CXR_train_1800.png,1
/pneumonia/CXR_train_1592.png,1
/pneumonia/CXR_train_630.png,1
/pneumonia/CXR_train_1821.png,1
/pneumonia/CXR_train_807.png,1
/pneumonia/CXR_train_337.png,1
/pneumonia/CXR_train_2015.png,1
/pneumonia/CXR_train_58.png,1
/pneumonia/CXR_train_1338.png,1
/pneumonia/CXR_train_978.png,1
/pneumonia/CXR_train_606.png,1
/pneumonia/CXR_train_2255.png,1
/pneumonia/CXR_train_1624.png,1
/pneumonia/CXR_train_2032.png,1
/pneumonia/CXR_train_2198.png,1
/pneumonia/CXR_train_1020.png,1
/pneumonia/CXR_train_2221.png,1
/pneumonia/CXR_train_1741.png,1
/pneumonia/CXR_train_2122.png,1
/pneumonia/CXR_train_1147.png,1
/pneumonia/CXR_train_1382.png,1
/pneumonia/CXR_train_1642.png,1
/pneumonia/CXR_train_1128.png,1
/pneumonia/CXR_train_2157.png,1
/pneumonia/CXR_train_1499.png,1
/pneumonia/CXR_train_650.png,1
/pneumonia/CXR_train_1875.png,1
/pneumonia/CXR_train_1488.png,1
/pneumonia/CXR_train_1345.png,1
/pneumonia/CXR_train_2061.png,1
/pneumonia/CXR_train_46.png,1
/pneumonia/CXR_train_1526.png,1
/pneumonia/CXR_train_1630.png,1
/pneumonia/CXR_train_1222.png,1
/pneumonia/CXR_train_1657.png,1
/pneumonia/CXR_train_2271.png,1
/pneumonia/CXR_train_295.png,1
/pneumonia/CXR_train_1507.png,1
/pneumonia/CXR_train_164.png,1
/pneumonia/CXR_train_726.png,1
/pneumonia/CXR_train_264.png,1
/pneumonia/CXR_train_810.png,1
/pneumonia/CXR_train_1360.png,1
/pneumonia/CXR_train_592.png,1
/pneumonia/CXR_train_892.png,1
/pneumonia/CXR_train_1249.png,1
/pneumonia/CXR_train_627.png,1
/pneumonia/CXR_train_234.png,1
/pneumonia/CXR_train_697.png,1
/pneumonia/CXR_train_507.png,1
/pneumonia/CXR_train_1684.png,1
/pneumonia/CXR_train_1325.png,1
/pneumonia/CXR_train_1849.png,1
/pneumonia/CXR_train_2134.png,1
/pneumonia/CXR_train_2424.png,1
/pneumonia/CXR_train_1411.png,1
/pneumonia/CXR_train_1298.png,1
/pneumonia/CXR_train_849.png,1
/pneumonia/CXR_train_407.png,1
/pneumonia/CXR_train_188.png,1
/pneumonia/CXR_train_1210.png,1
/pneumonia/CXR_train_1289.png,1
/pneumonia/CXR_train_645.png,1
/pneumonia/CXR_train_1277.png,1
/pneumonia/CXR_train_2106.png,1
/pneumonia/CXR_train_1613.png,1
/pneumonia/CXR_train_1031.png,1
/pneumonia/CXR_train_1175.png,1
/pneumonia/CXR_train_816.png,1
/pneumonia/CXR_train_1671.png,1
/pneumonia/CXR_train_1371.png,1
/pneumonia/CXR_train_501.png,1
/pneumonia/CXR_train_797.png,1
/pneumonia/CXR_train_781.png,1
/pneumonia/CXR_train_1062.png,1
/pneumonia/CXR_train_1863.png,1
/pneumonia/CXR_train_2246.png,1
/pneumonia/CXR_train_684.png,1
/pneumonia/CXR_train_76.png,1
/pneumonia/CXR_train_408.png,1
/pneumonia/CXR_train_96.png,1
/pneumonia/CXR_train_2097.png,1
/pneumonia/CXR_train_1091.png,1
/pneumonia/CXR_train_732.png,1
/pneumonia/CXR_train_219.png,1
/pneumonia/CXR_train_578.png,1
/pneumonia/CXR_train_1634.png,1
/pneumonia/CXR_train_1731.png,1
/pneumonia/CXR_train_1219.png,1
/pneumonia/CXR_train_7.png,1
/pneumonia/CXR_train_545.png,1
/pneumonia/CXR_train_296.png,1
/pneumonia/CXR_train_1385.png,1
/pneumonia/CXR_train_1116.png,1
/pneumonia/CXR_train_2074.png,1
/pneumonia/CXR_train_1291.png,1
/pneumonia/CXR_train_368.png,1
/pneumonia/CXR_train_1012.png,1
/pneumonia/CXR_train_1127.png,1
/pneumonia/CXR_train_193.png,1
/pneumonia/CXR_train_2360.png,1
/pneumonia/CXR_train_1043.png,1
/pneumonia/CXR_train_1196.png,1
/pneumonia/CXR_train_1304.png,1
/pneumonia/CXR_train_1852.png,1
/pneumonia/CXR_train_2219.png,1
/pneumonia/CXR_train_1399.png,1
/pneumonia/CXR_train_2355.png,1
/pneumonia/CXR_train_876.png,1
/pneumonia/CXR_train_1975.png,1
/pneumonia/CXR_train_671.png,1
/pneumonia/CXR_train_1573.png,1
/pneumonia/CXR_train_1481.png,1
/pneumonia/CXR_train_1156.png,1
/pneumonia/CXR_train_1758.png,1
/pneumonia/CXR_train_2356.png,1
/pneumonia/CXR_train_1100.png,1
/pneumonia/CXR_train_2005.png,1
/pneumonia/CXR_train_1651.png,1
/pneumonia/CXR_train_1608.png,1
/pneumonia/CXR_train_1637.png,1
/pneumonia/CXR_train_1683.png,1
/pneumonia/CXR_train_1331.png,1
/pneumonia/CXR_train_1035.png,1
/pneumonia/CXR_train_1161.png,1
/pneumonia/CXR_train_1587.png,1
/pneumonia/CXR_train_352.png,1
/pneumonia/CXR_train_191.png,1
/pneumonia/CXR_train_1027.png,1
/pneumonia/CXR_train_540.png,1
/pneumonia/CXR_train_174.png,1
/pneumonia/CXR_train_1121.png,1
/pneumonia/CXR_train_1255.png,1
/pneumonia/CXR_train_1866.png,1
/pneumonia/CXR_train_1458.png,1
/pneumonia/CXR_train_457.png,1
/pneumonia/CXR_train_98.png,1
/pneumonia/CXR_train_153.png,1
/pneumonia/CXR_train_500.png,1
/pneumonia/CXR_train_1447.png,1
/pneumonia/CXR_train_759.png,1
/pneumonia/CXR_train_2337.png,1
/pneumonia/CXR_train_1615.png,1
/pneumonia/CXR_train_2244.png,1
/pneumonia/CXR_train_859.png,1
/pneumonia/CXR_train_2343.png,1
/pneumonia/CXR_train_85.png,1
/pneumonia/CXR_train_381.png,1
/pneumonia/CXR_train_1221.png,1
/pneumonia/CXR_train_2373.png,1
/pneumonia/CXR_train_1420.png,1
/pneumonia/CXR_train_1393.png,1
/pneumonia/CXR_train_335.png,1
/pneumonia/CXR_train_2385.png,1
/pneumonia/CXR_train_514.png,1
/pneumonia/CXR_train_166.png,1
/pneumonia/CXR_train_519.png,1
/pneumonia/CXR_train_1383.png,1
/pneumonia/CXR_train_518.png,1
/pneumonia/CXR_train_1643.png,1
/pneumonia/CXR_train_349.png,1
/pneumonia/CXR_train_2387.png,1
/pneumonia/CXR_train_947.png,1
/pneumonia/CXR_train_646.png,1
/pneumonia/CXR_train_1843.png,1
/pneumonia/CXR_train_1459.png,1
/pneumonia/CXR_train_2361.png,1
/pneumonia/CXR_train_34.png,1
/pneumonia/CXR_train_2269.png,1
/pneumonia/CXR_train_1743.png,1
/pneumonia/CXR_train_1287.png,1
/pneumonia/CXR_train_278.png,1
/pneumonia/CXR_train_2175.png,1
/pneumonia/CXR_train_546.png,1
/pneumonia/CXR_train_766.png,1
/pneumonia/CXR_train_195.png,1
/pneumonia/CXR_train_2170.png,1
/pneumonia/CXR_train_475.png,1
/pneumonia/CXR_train_996.png,1
/pneumonia/CXR_train_694.png,1
/pneumonia/CXR_train_976.png,1
/pneumonia/CXR_train_271.png,1
/pneumonia/CXR_train_1142.png,1
/pneumonia/CXR_train_160.png,1
/pneumonia/CXR_train_233.png,1
/pneumonia/CXR_train_1150.png,1
/pneumonia/CXR_train_163.png,1
/pneumonia/CXR_train_516.png,1
/pneumonia/CXR_train_1619.png,1
/pneumonia/CXR_train_393.png,1
/pneumonia/CXR_train_1168.png,1
/pneumonia/CXR_train_1572.png,1
/pneumonia/CXR_train_455.png,1
/pneumonia/CXR_train_2066.png,1
/pneumonia/CXR_train_1853.png,1
/pneumonia/CXR_train_198.png,1
/pneumonia/CXR_train_165.png,1
/pneumonia/CXR_train_285.png,1
/pneumonia/CXR_train_308.png,1
/pneumonia/CXR_train_851.png,1
/pneumonia/CXR_train_1379.png,1
/pneumonia/CXR_train_150.png,1
/pneumonia/CXR_train_768.png,1
/pneumonia/CXR_train_1558.png,1
/pneumonia/CXR_train_88.png,1
/pneumonia/CXR_train_612.png,1
/pneumonia/CXR_train_2390.png,1
/pneumonia/CXR_train_2352.png,1
/pneumonia/CXR_train_1711.png,1
/pneumonia/CXR_train_2180.png,1
/pneumonia/CXR_train_1676.png,1
/pneumonia/CXR_train_247.png,1
/pneumonia/CXR_train_1010.png,1
/pneumonia/CXR_train_954.png,1
/pneumonia/CXR_train_2212.png,1
/pneumonia/CXR_train_1144.png,1
/pneumonia/CXR_train_215.png,1
/pneumonia/CXR_train_508.png,1
/pneumonia/CXR_train_1362.png,1
/pneumonia/CXR_train_858.png,1
/pneumonia/CXR_train_1610.png,1
/pneumonia/CXR_train_2147.png,1
/pneumonia/CXR_train_126.png,1
/pneumonia/CXR_train_571.png,1
/pneumonia/CXR_train_236.png,1
/pneumonia/CXR_train_855.png,1
/pneumonia/CXR_train_1735.png,1
/pneumonia/CXR_train_10.png,1
/pneumonia/CXR_train_311.png,1
/pneumonia/CXR_train_251.png,1
/pneumonia/CXR_train_2033.png,1
/pneumonia/CXR_train_704.png,1
/pneumonia/CXR_train_1387.png,1
/pneumonia/CXR_train_2371.png,1
/pneumonia/CXR_train_365.png,1
/pneumonia/CXR_train_2237.png,1
/pneumonia/CXR_train_1947.png,1
/pneumonia/CXR_train_350.png,1
/pneumonia/CXR_train_895.png,1
/pneumonia/CXR_train_402.png,1
/pneumonia/CXR_train_2297.png,1
/pneumonia/CXR_train_36.png,1
/pneumonia/CXR_train_1514.png,1
/pneumonia/CXR_train_1957.png,1
/pneumonia/CXR_train_1931.png,1
/pneumonia/CXR_train_605.png,1
/pneumonia/CXR_train_904.png,1
/pneumonia/CXR_train_1819.png,1
/pneumonia/CXR_train_345.png,1
/pneumonia/CXR_train_2268.png,1
/pneumonia/CXR_train_2344.png,1
/pneumonia/CXR_train_2289.png,1
/pneumonia/CXR_train_179.png,1
/pneumonia/CXR_train_2216.png,1
/pneumonia/CXR_train_211.png,1
/pneumonia/CXR_train_2204.png,1
/pneumonia/CXR_train_105.png,1
/pneumonia/CXR_train_1286.png,1
/pneumonia/CXR_train_1721.png,1
/pneumonia/CXR_train_2314.png,1
/pneumonia/CXR_train_2153.png,1
/pneumonia/CXR_train_2186.png,1
/pneumonia/CXR_train_451.png,1
/pneumonia/CXR_train_1753.png,1
/pneumonia/CXR_train_2312.png,1
/pneumonia/CXR_train_1500.png,1
/pneumonia/CXR_train_869.png,1
/pneumonia/CXR_train_1158.png,1
/pneumonia/CXR_train_1409.png,1
/pneumonia/CXR_train_249.png,1
/pneumonia/CXR_train_24.png,1
/pneumonia/CXR_train_1209.png,1
/pneumonia/CXR_train_268.png,1
/pneumonia/CXR_train_570.png,1
/pneumonia/CXR_train_716.png,1
/pneumonia/CXR_train_821.png,1
/pneumonia/CXR_train_725.png,1
/pneumonia/CXR_train_438.png,1
/pneumonia/CXR_train_903.png,1
/pneumonia/CXR_train_1320.png,1
/pneumonia/CXR_train_908.png,1
/pneumonia/CXR_train_2207.png,1
/pneumonia/CXR_train_216.png,1
/pneumonia/CXR_train_1948.png,1
/pneumonia/CXR_train_1884.png,1
/pneumonia/CXR_train_1686.png,1
/pneumonia/CXR_train_1501.png,1
/pneumonia/CXR_train_1717.png,1
/pneumonia/CXR_train_1054.png,1
/pneumonia/CXR_train_805.png,1
/pneumonia/CXR_train_224.png,1
/pneumonia/CXR_train_1407.png,1
/pneumonia/CXR_train_2160.png,1
/pneumonia/CXR_train_1317.png,1
/pneumonia/CXR_train_1904.png,1
/pneumonia/CXR_train_1164.png,1
/pneumonia/CXR_train_343.png,1
/pneumonia/CXR_train_2196.png,1
/pneumonia/CXR_train_1484.png,1
/pneumonia/CXR_train_1841.png,1
/pneumonia/CXR_train_1169.png,1
/pneumonia/CXR_train_1528.png,1
/pneumonia/CXR_train_2152.png,1
/pneumonia/CXR_train_341.png,1
/pneumonia/CXR_train_1036.png,1
/pneumonia/CXR_train_1820.png,1
/pneumonia/CXR_train_1893.png,1
/pneumonia/CXR_train_663.png,1
/pneumonia/CXR_train_28.png,1
/pneumonia/CXR_train_680.png,1
/pneumonia/CXR_train_1422.png,1
/pneumonia/CXR_train_1617.png,1
/pneumonia/CXR_train_498.png,1
/pneumonia/CXR_train_1264.png,1
/pneumonia/CXR_train_943.png,1
/pneumonia/CXR_train_1364.png,1
/pneumonia/CXR_train_1925.png,1
/pneumonia/CXR_train_395.png,1
/pneumonia/CXR_train_740.png,1
/pneumonia/CXR_train_1177.png,1
/pneumonia/CXR_train_1560.png,1
/pneumonia/CXR_train_1461.png,1
/pneumonia/CXR_train_1419.png,1
/pneumonia/CXR_train_653.png,1
/pneumonia/CXR_train_984.png,1
/pneumonia/CXR_train_695.png,1
/pneumonia/CXR_train_1506.png,1
/pneumonia/CXR_train_1981.png,1
/pneumonia/CXR_train_1033.png,1
/pneumonia/CXR_train_114.png,1
/pneumonia/CXR_train_940.png,1
/pneumonia/CXR_train_624.png,1
/pneumonia/CXR_train_1871.png,1
/pneumonia/CXR_train_1310.png,1
/pneumonia/CXR_train_1351.png,1
/pneumonia/CXR_train_505.png,1
/pneumonia/CXR_train_140.png,1
/pneumonia/CXR_train_1140.png,1
/pneumonia/CXR_train_1881.png,1
/pneumonia/CXR_train_1107.png,1
/pneumonia/CXR_train_961.png,1
/pneumonia/CXR_train_2307.png,1
/pneumonia/CXR_train_157.png,1
/pneumonia/CXR_train_1728.png,1
/pneumonia/CXR_train_2202.png,1
/pneumonia/CXR_train_2010.png,1
/pneumonia/CXR_train_2296.png,1
/pneumonia/CXR_train_1661.png,1
/pneumonia/CXR_train_223.png,1
/pneumonia/CXR_train_282.png,1
/pneumonia/CXR_train_57.png,1
/pneumonia/CXR_train_1720.png,1
/pneumonia/CXR_train_2309.png,1
/pneumonia/CXR_train_1146.png,1
/pneumonia/CXR_train_225.png,1
/pneumonia/CXR_train_1438.png,1
/pneumonia/CXR_train_911.png,1
/pneumonia/CXR_train_2076.png,1
/pneumonia/CXR_train_949.png,1
/pneumonia/CXR_train_942.png,1
/pneumonia/CXR_train_2164.png,1
/pneumonia/CXR_train_2054.png,1
/pneumonia/CXR_train_474.png,1
/pneumonia/CXR_train_1739.png,1
/pneumonia/CXR_train_1200.png,1
/pneumonia/CXR_train_2023.png,1
/pneumonia/CXR_train_1885.png,1
/pneumonia/CXR_train_773.png,1
/pneumonia/CXR_train_2161.png,1
/pneumonia/CXR_train_1734.png,1
/pneumonia/CXR_train_1725.png,1
/pneumonia/CXR_train_1921.png,1
/pneumonia/CXR_train_2413.png,1
/pneumonia/CXR_train_1766.png,1
/pneumonia/CXR_train_1493.png,1
/pneumonia/CXR_train_1335.png,1
/pneumonia/CXR_train_1081.png,1
/pneumonia/CXR_train_2006.png,1
/pneumonia/CXR_train_992.png,1
/pneumonia/CXR_train_1396.png,1
/pneumonia/CXR_train_1926.png,1
/pneumonia/CXR_train_1414.png,1
/pneumonia/CXR_train_435.png,1
/pneumonia/CXR_train_156.png,1
/pneumonia/CXR_train_948.png,1
/pneumonia/CXR_train_1303.png,1
/pneumonia/CXR_train_1237.png,1
/pneumonia/CXR_train_1890.png,1
/pneumonia/CXR_train_1568.png,1
/pneumonia/CXR_train_636.png,1
/pneumonia/CXR_train_582.png,1
/pneumonia/CXR_train_1677.png,1
/pneumonia/CXR_train_2085.png,1
/pneumonia/CXR_train_527.png,1
/pneumonia/CXR_train_745.png,1
/pneumonia/CXR_train_696.png,1
/pneumonia/CXR_train_493.png,1
/pneumonia/CXR_train_1934.png,1
/pneumonia/CXR_train_1974.png,1
/pneumonia/CXR_train_398.png,1
/pneumonia/CXR_train_524.png,1
/pneumonia/CXR_train_2174.png,1
/pneumonia/CXR_train_1384.png,1
/pneumonia/CXR_train_2315.png,1
/pneumonia/CXR_train_575.png,1
/pneumonia/CXR_train_840.png,1
/pneumonia/CXR_train_1103.png,1
/pneumonia/CXR_train_1774.png,1
/pneumonia/CXR_train_2317.png,1
/pneumonia/CXR_train_2060.png,1
/pneumonia/CXR_train_2403.png,1
/pneumonia/CXR_train_2101.png,1
/pneumonia/CXR_train_783.png,1
/pneumonia/CXR_train_1373.png,1
/pneumonia/CXR_train_2099.png,1
/pneumonia/CXR_train_848.png,1
/pneumonia/CXR_train_2079.png,1
/pneumonia/CXR_train_1543.png,1
/pneumonia/CXR_train_713.png,1
/pneumonia/CXR_train_2158.png,1
/pneumonia/CXR_train_2049.png,1
/pneumonia/CXR_train_734.png,1
/pneumonia/CXR_train_222.png,1
/pneumonia/CXR_train_388.png,1
/pneumonia/CXR_train_1826.png,1
/pneumonia/CXR_train_1288.png,1
/pneumonia/CXR_train_1319.png,1
/pneumonia/CXR_train_1306.png,1
/pneumonia/CXR_train_1300.png,1
/pneumonia/CXR_train_1892.png,1
/pneumonia/CXR_train_2002.png,1
/pneumonia/CXR_train_180.png,1
/pneumonia/CXR_train_2422.png,1
/pneumonia/CXR_train_280.png,1
/pneumonia/CXR_train_1344.png,1
/pneumonia/CXR_train_400.png,1
/pneumonia/CXR_train_1302.png,1
/pneumonia/CXR_train_1075.png,1
/pneumonia/CXR_train_975.png,1
/pneumonia/CXR_train_1652.png,1
/pneumonia/CXR_train_1366.png,1
/pneumonia/CXR_train_246.png,1
/pneumonia/CXR_train_1308.png,1
/pneumonia/CXR_train_1971.png,1
/pneumonia/CXR_train_989.png,1
/pneumonia/CXR_train_2184.png,1
/pneumonia/CXR_train_1047.png,1
/pneumonia/CXR_train_315.png,1
/pneumonia/CXR_train_89.png,1
/pneumonia/CXR_train_2350.png,1
/pneumonia/CXR_train_221.png,1
/pneumonia/CXR_train_1996.png,1
/pneumonia/CXR_train_1936.png,1
/pneumonia/CXR_train_820.png,1
/pneumonia/CXR_train_321.png,1
/pneumonia/CXR_train_2394.png,1
/pneumonia/CXR_train_82.png,1
/pneumonia/CXR_train_1857.png,1
/pneumonia/CXR_train_375.png,1
/pneumonia/CXR_train_1670.png,1
/pneumonia/CXR_train_912.png,1
/pneumonia/CXR_train_2078.png,1
/pneumonia/CXR_train_487.png,1
/pneumonia/CXR_train_691.png,1
/pneumonia/CXR_train_1439.png,1
/pneumonia/CXR_train_1830.png,1
/pneumonia/CXR_train_1801.png,1
/pneumonia/CXR_train_1042.png,1
/pneumonia/CXR_train_667.png,1
/pneumonia/CXR_train_1483.png,1
/pneumonia/CXR_train_1280.png,1
/pneumonia/CXR_train_1917.png,1
/pneumonia/CXR_train_1206.png,1
/pneumonia/CXR_train_339.png,1
/pneumonia/CXR_train_1355.png,1
/pneumonia/CXR_train_1293.png,1
/pneumonia/CXR_train_1072.png,1
/pneumonia/CXR_train_971.png,1
/pneumonia/CXR_train_864.png,1
/pneumonia/CXR_train_1860.png,1
/pneumonia/CXR_train_485.png,1
/pneumonia/CXR_train_802.png,1
/pneumonia/CXR_train_2201.png,1
/pneumonia/CXR_train_1976.png,1
/pneumonia/CXR_train_1424.png,1
/pneumonia/CXR_train_2285.png,1
/pneumonia/CXR_train_1498.png,1
/pneumonia/CXR_train_90.png,1
/pneumonia/CXR_train_2224.png,1
/pneumonia/CXR_train_1987.png,1
/pneumonia/CXR_train_819.png,1
/pneumonia/CXR_train_744.png,1
/pneumonia/CXR_train_462.png,1
/pneumonia/CXR_train_1071.png,1
/pneumonia/CXR_train_710.png,1
/pneumonia/CXR_train_1136.png,1
/pneumonia/CXR_train_1.png,1
/pneumonia/CXR_train_2248.png,1
/pneumonia/CXR_train_81.png,1
/pneumonia/CXR_train_699.png,1
/pneumonia/CXR_train_1958.png,1
/pneumonia/CXR_train_1521.png,1
/pneumonia/CXR_train_484.png,1
/pneumonia/CXR_train_742.png,1
/pneumonia/CXR_train_63.png,1
/pneumonia/CXR_train_1939.png,1
/pneumonia/CXR_train_2042.png,1
/pneumonia/CXR_train_510.png,1
/pneumonia/CXR_train_1334.png,1
/pneumonia/CXR_train_651.png,1
/pneumonia/CXR_train_1916.png,1
/pneumonia/CXR_train_1037.png,1
/pneumonia/CXR_train_136.png,1
/pneumonia/CXR_train_1469.png,1
/pneumonia/CXR_train_187.png,1
/pneumonia/CXR_train_1656.png,1
/pneumonia/CXR_train_262.png,1
/pneumonia/CXR_train_1716.png,1
/pneumonia/CXR_train_254.png,1
/pneumonia/CXR_train_1754.png,1
/pneumonia/CXR_train_686.png,1
/pneumonia/CXR_train_2127.png,1
/pneumonia/CXR_train_1314.png,1
/pneumonia/CXR_train_2253.png,1
/pneumonia/CXR_train_1847.png,1
/pneumonia/CXR_train_604.png,1
/pneumonia/CXR_train_425.png,1
/pneumonia/CXR_train_75.png,1
/pneumonia/CXR_train_1509.png,1
/pneumonia/CXR_train_2386.png,1
/pneumonia/CXR_train_647.png,1
/pneumonia/CXR_train_2210.png,1
/pneumonia/CXR_train_906.png,1
/pneumonia/CXR_train_1641.png,1
/pneumonia/CXR_train_777.png,1
/pneumonia/CXR_train_1074.png,1
/pneumonia/CXR_train_2194.png,1
/pneumonia/CXR_train_2407.png,1
/pneumonia/CXR_train_1541.png,1
/pneumonia/CXR_train_1997.png,1
/pneumonia/CXR_train_1151.png,1
/pneumonia/CXR_train_2425.png,1
/pneumonia/CXR_train_2383.png,1
/pneumonia/CXR_train_86.png,1
/pneumonia/CXR_train_1640.png,1
/pneumonia/CXR_train_338.png,1
/pneumonia/CXR_train_1738.png,1
/pneumonia/CXR_train_890.png,1
/pneumonia/CXR_train_1172.png,1
/pneumonia/CXR_train_860.png,1
/pneumonia/CXR_train_661.png,1
/pneumonia/CXR_train_756.png,1
/pneumonia/CXR_train_1478.png,1
/pneumonia/CXR_train_66.png,1
/pneumonia/CXR_train_1984.png,1
/pneumonia/CXR_train_2401.png,1
/pneumonia/CXR_train_600.png,1
/pneumonia/CXR_train_1217.png,1
/pneumonia/CXR_train_1349.png,1
/pneumonia/CXR_train_736.png,1
/pneumonia/CXR_train_2349.png,1
/pneumonia/CXR_train_814.png,1
/pneumonia/CXR_train_210.png,1
/pneumonia/CXR_train_243.png,1
/pneumonia/CXR_train_2090.png,1
/pneumonia/CXR_train_4.png,1
/pneumonia/CXR_train_6.png,1
/pneumonia/CXR_train_73.png,1
/pneumonia/CXR_train_19.png,1
/pneumonia/CXR_train_2125.png,1
/pneumonia/CXR_train_79.png,1
/pneumonia/CXR_train_1073.png,1
/pneumonia/CXR_train_601.png,1
/pneumonia/CXR_train_291.png,1
/pneumonia/CXR_train_1492.png,1
/pneumonia/CXR_train_231.png,1
/pneumonia/CXR_train_1691.png,1
/pneumonia/CXR_train_1681.png,1
/pneumonia/CXR_train_891.png,1
/pneumonia/CXR_train_870.png,1
/pneumonia/CXR_train_2357.png,1
/pneumonia/CXR_train_786.png,1
/pneumonia/CXR_train_2411.png,1
/pneumonia/CXR_train_1126.png,1
/pneumonia/CXR_train_1296.png,1
/pneumonia/CXR_train_2281.png,1
/pneumonia/CXR_train_2169.png,1
/pneumonia/CXR_train_2419.png,1
/pneumonia/CXR_train_1194.png,1
/pneumonia/CXR_train_640.png,1
/pneumonia/CXR_train_132.png,1
/pneumonia/CXR_train_1912.png,1
/pneumonia/CXR_train_1628.png,1
/pneumonia/CXR_train_973.png,1
/pneumonia/CXR_train_214.png,1
/pneumonia/CXR_train_748.png,1
/pneumonia/CXR_train_717.png,1
/pneumonia/CXR_train_1902.png,1
/pneumonia/CXR_train_2331.png,1
/pneumonia/CXR_train_1192.png,1
/pneumonia/CXR_train_551.png,1
/pneumonia/CXR_train_2302.png,1
/pneumonia/CXR_train_1016.png,1
/pneumonia/CXR_train_2084.png,1
/pneumonia/CXR_train_394.png,1
/pneumonia/CXR_train_2154.png,1
/pneumonia/CXR_train_664.png,1
/pneumonia/CXR_train_993.png,1
/pneumonia/CXR_train_1689.png,1
/pneumonia/CXR_train_1788.png,1
/pneumonia/CXR_train_2110.png,1
/pneumonia/CXR_train_1064.png,1
/pneumonia/CXR_train_1877.png,1
/pneumonia/CXR_train_1897.png,1
/pneumonia/CXR_train_1559.png,1
/pneumonia/CXR_train_1796.png,1
/pneumonia/CXR_train_202.png,1
/pneumonia/CXR_train_348.png,1
/pneumonia/CXR_train_955.png,1
/pneumonia/CXR_train_1118.png,1
/pneumonia/CXR_train_834.png,1
/pneumonia/CXR_train_1446.png,1
/pneumonia/CXR_train_1678.png,1
/pneumonia/CXR_train_1056.png,1
/pneumonia/CXR_train_2092.png,1
/pneumonia/CXR_train_1243.png,1
/pneumonia/CXR_train_2249.png,1
/pneumonia/CXR_train_553.png,1
/pneumonia/CXR_train_792.png,1
/pneumonia/CXR_train_401.png,1
/pneumonia/CXR_train_2068.png,1
/pneumonia/CXR_train_2318.png,1
/pneumonia/CXR_train_1475.png,1
/pneumonia/CXR_train_1549.png,1
/pneumonia/CXR_train_230.png,1
/pneumonia/CXR_train_988.png,1
/pneumonia/CXR_train_2165.png,1
/pneumonia/CXR_train_1623.png,1
/pneumonia/CXR_train_133.png,1
/pneumonia/CXR_train_436.png,1
/pneumonia/CXR_train_1253.png,1
/pneumonia/CXR_train_1555.png,1
/pneumonia/CXR_train_1998.png,1
/pneumonia/CXR_train_1767.png,1
/pneumonia/CXR_train_657.png,1
/pneumonia/CXR_train_1173.png,1
/pneumonia/CXR_train_2272.png,1
/pneumonia/CXR_train_2245.png,1
/pneumonia/CXR_train_841.png,1
/pneumonia/CXR_train_1133.png,1
/pneumonia/CXR_train_30.png,1
/pneumonia/CXR_train_473.png,1
/pneumonia/CXR_train_29.png,1
/pneumonia/CXR_train_785.png,1
/pneumonia/CXR_train_1193.png,1
/pneumonia/CXR_train_739.png,1
/pneumonia/CXR_train_982.png,1
/pneumonia/CXR_train_2229.png,1
/pneumonia/CXR_train_1695.png,1
/pneumonia/CXR_train_217.png,1
/pneumonia/CXR_train_979.png,1
/pneumonia/CXR_train_1633.png,1
/pneumonia/CXR_train_48.png,1
/pneumonia/CXR_train_801.png,1
/pneumonia/CXR_train_983.png,1
/pneumonia/CXR_train_158.png,1
/pneumonia/CXR_train_1348.png,1
/pneumonia/CXR_train_2141.png,1
/pneumonia/CXR_train_987.png,1
/pneumonia/CXR_train_2136.png,1
/pneumonia/CXR_train_413.png,1
/pneumonia/CXR_train_1273.png,1
/pneumonia/CXR_train_1343.png,1
/pneumonia/CXR_train_2341.png,1
/pneumonia/CXR_train_242.png,1
/pneumonia/CXR_train_1452.png,1
/pneumonia/CXR_train_396.png,1
/pneumonia/CXR_train_117.png,1
/pneumonia/CXR_train_1910.png,1
/pneumonia/CXR_train_228.png,1
/pneumonia/CXR_train_1534.png,1
/pneumonia/CXR_train_201.png,1
/pneumonia/CXR_train_2225.png,1
/pneumonia/CXR_train_454.png,1
/pneumonia/CXR_train_2243.png,1
/pneumonia/CXR_train_2026.png,1
/pneumonia/CXR_train_1170.png,1
/pneumonia/CXR_train_2410.png,1
/pneumonia/CXR_train_2305.png,1
/pneumonia/CXR_train_896.png,1
/pneumonia/CXR_train_1341.png,1
/pneumonia/CXR_train_1013.png,1
/pneumonia/CXR_train_2299.png,1
/pneumonia/CXR_train_2273.png,1
/pneumonia/CXR_train_1143.png,1
/pneumonia/CXR_train_2071.png,1
/pneumonia/CXR_train_286.png,1
/pneumonia/CXR_train_1155.png,1
/pneumonia/CXR_train_2095.png,1
/pneumonia/CXR_train_1430.png,1
/pneumonia/CXR_train_2370.png,1
/pneumonia/CXR_train_431.png,1
/pneumonia/CXR_train_617.png,1
/pneumonia/CXR_train_1616.png,1
/pneumonia/CXR_train_2231.png,1
/pneumonia/CXR_train_1119.png,1
/pneumonia/CXR_train_2217.png,1
/pneumonia/CXR_train_1377.png,1
/pneumonia/CXR_train_1780.png,1
/pneumonia/CXR_train_419.png,1
/pneumonia/CXR_train_573.png,1
/pneumonia/CXR_train_872.png,1
/pneumonia/CXR_train_1527.png,1
/pneumonia/CXR_train_274.png,1
/pneumonia/CXR_train_959.png,1
/pneumonia/CXR_train_937.png,1
/pneumonia/CXR_train_765.png,1
/pneumonia/CXR_train_192.png,1
/pneumonia/CXR_train_1781.png,1
/pneumonia/CXR_train_1235.png,1
/pneumonia/CXR_train_804.png,1
/pneumonia/CXR_train_1915.png,1
/pneumonia/CXR_train_1606.png,1
/pneumonia/CXR_train_1392.png,1
/pneumonia/CXR_train_1837.png,1
/pneumonia/CXR_train_99.png,1
/pneumonia/CXR_train_2220.png,1
/pneumonia/CXR_train_924.png,1
/pneumonia/CXR_train_1285.png,1
/pneumonia/CXR_train_102.png,1
/pneumonia/CXR_train_84.png,1
/pneumonia/CXR_train_837.png,1
/pneumonia/CXR_train_124.png,1
/pneumonia/CXR_train_2199.png,1
/pneumonia/CXR_train_1508.png,1
/pneumonia/CXR_train_1163.png,1
/pneumonia/CXR_train_42.png,1
/pneumonia/CXR_train_2197.png,1
/pneumonia/CXR_train_1825.png,1
/pneumonia/CXR_train_1563.png,1
/pneumonia/CXR_train_2028.png,1
/pneumonia/CXR_train_1943.png,1
/pneumonia/CXR_train_1157.png,1
/pneumonia/CXR_train_660.png,1
/pneumonia/CXR_train_273.png,1
/pneumonia/CXR_train_762.png,1
/pneumonia/CXR_train_1401.png,1
/pneumonia/CXR_train_1704.png,1
/pneumonia/CXR_train_2145.png,1
/pneumonia/CXR_train_2004.png,1
/pneumonia/CXR_train_134.png,1
/pneumonia/CXR_train_1646.png,1
/pneumonia/CXR_train_497.png,1
/pneumonia/CXR_train_471.png,1
/pneumonia/CXR_train_679.png,1
/pneumonia/CXR_train_1408.png,1
/pneumonia/CXR_train_123.png,1
/pneumonia/CXR_train_97.png,1
/pneumonia/CXR_train_2347.png,1
/pneumonia/CXR_train_916.png,1
/pneumonia/CXR_train_432.png,1
/pneumonia/CXR_train_811.png,1
/pneumonia/CXR_train_2193.png,1
/pneumonia/CXR_train_2133.png,1
/pneumonia/CXR_train_169.png,1
/pneumonia/CXR_train_591.png,1
/pneumonia/CXR_train_749.png,1
/pneumonia/CXR_train_1919.png,1
/pneumonia/CXR_train_2124.png,1
/pneumonia/CXR_train_793.png,1
/pneumonia/CXR_train_883.png,1
/pneumonia/CXR_train_47.png,1
/pneumonia/CXR_train_68.png,1
/pneumonia/CXR_train_2353.png,1
/pneumonia/CXR_train_563.png,1
/pneumonia/CXR_train_1798.png,1
/pneumonia/CXR_train_1906.png,1
/pneumonia/CXR_train_1972.png,1
/pneumonia/CXR_train_377.png,1
/pneumonia/CXR_train_2222.png,1
/pneumonia/CXR_train_1759.png,1
/pneumonia/CXR_train_446.png,1
/pneumonia/CXR_train_1378.png,1
/pneumonia/CXR_train_638.png,1
/pneumonia/CXR_train_666.png,1
/pneumonia/CXR_train_1786.png,1
/pneumonia/CXR_train_543.png,1
/pneumonia/CXR_train_2001.png,1
/pneumonia/CXR_train_1339.png,1
/pneumonia/CXR_train_1868.png,1
/pneumonia/CXR_train_715.png,1
/pneumonia/CXR_train_2029.png,1
/pneumonia/CXR_train_1865.png,1
/pneumonia/CXR_train_253.png,1
/pneumonia/CXR_train_566.png,1
/pneumonia/CXR_train_1357.png,1
/pneumonia/CXR_train_2195.png,1
/pneumonia/CXR_train_2257.png,1
/pneumonia/CXR_train_1525.png,1
/pneumonia/CXR_train_838.png,1
/pneumonia/CXR_train_1024.png,1
/pneumonia/CXR_train_1502.png,1
/pneumonia/CXR_train_392.png,1
/pneumonia/CXR_train_1979.png,1
/pneumonia/CXR_train_1299.png,1
/pneumonia/CXR_train_2179.png,1
/pneumonia/CXR_train_830.png,1
/pneumonia/CXR_train_1132.png,1
/pneumonia/CXR_train_2017.png,1
/pneumonia/CXR_train_1313.png,1
/pneumonia/CXR_train_422.png,1
/pneumonia/CXR_train_64.png,1
/pneumonia/CXR_train_1137.png,1
/pneumonia/CXR_train_1259.png,1
/pneumonia/CXR_train_378.png,1
/pneumonia/CXR_train_1254.png,1
/pneumonia/CXR_train_1828.png,1
/pneumonia/CXR_train_2159.png,1
/pneumonia/CXR_train_1145.png,1
/pneumonia/CXR_train_995.png,1
/pneumonia/CXR_train_980.png,1
/pneumonia/CXR_train_2040.png,1
/pneumonia/CXR_train_2044.png,1
/pneumonia/CXR_train_2035.png,1
/pneumonia/CXR_train_1597.png,1
/pneumonia/CXR_train_2359.png,1
/pneumonia/CXR_train_999.png,1
/pneumonia/CXR_train_2338.png,1
/pneumonia/CXR_train_2375.png,1
/pneumonia/CXR_train_631.png,1
/pneumonia/CXR_train_2139.png,1
/pneumonia/CXR_train_798.png,1
/pneumonia/CXR_train_655.png,1
/pneumonia/CXR_train_1945.png,1
/pneumonia/CXR_train_779.png,1
/pneumonia/CXR_train_78.png,1
/pneumonia/CXR_train_1257.png,1
/pneumonia/CXR_train_1920.png,1
/pneumonia/CXR_train_74.png,1
/pneumonia/CXR_train_2392.png,1
/pneumonia/CXR_train_2030.png,1
/pneumonia/CXR_train_32.png,1
/pneumonia/CXR_train_326.png,1
